,id,seccion,agrupacion_ganadora,CAMBIEMOS_perc,FRENTE PARA LA VICTORIA_perc,CAMBIEMOS_votos,FRENTE PARA LA VICTORIA_votos,Participacion,electores,votantes,BLANCO_perc,IMPUGNADO_perc,NULO_perc,BLANCO_votos,IMPUGNADO_votos,NULO_votos
0,BUENOS AIRES_ADOLFO ALSINA,"Adolfo Alsina, Buenos Aires",CAMBIEMOS,64.6,35.4,7132,3908,79.22,14171,11226,1.19,0.01,0.45,134,1,51
1,BUENOS AIRES_ALBERTI,"Alberti, Buenos Aires",CAMBIEMOS,55.72,44.28,4221,3354,84.22,9147,7704,1.6,0.01,0.06,123,1,5
2,BUENOS AIRES_ALMIRANTE BROWN,"Almirante Brown, Buenos Aires",FRENTE PARA LA VICTORIA,39.72,60.28,133647,202868,83.77,412578,345606,1.37,0.05,1.21,4738,159,4194
3,BUENOS AIRES_ARRECIFES,"Arrecifes, Buenos Aires",CAMBIEMOS,56.24,43.76,11050,8598,84.05,23840,20038,1.53,0.02,0.39,306,5,79
4,BUENOS AIRES_AVELLANEDA,"Avellaneda, Buenos Aires",FRENTE PARA LA VICTORIA,47.87,52.13,104775,114096,82.52,272641,224976,1.61,0.04,1.06,3617,96,2392
5,BUENOS AIRES_AYACUCHO,"Ayacucho, Buenos Aires",CAMBIEMOS,56.68,43.32,7639,5838,81.24,17022,13829,1.53,0.01,1,212,2,138
6,BUENOS AIRES_AZUL,"Azul, Buenos Aires",CAMBIEMOS,57.09,42.91,24608,18493,80.3,55060,44214,1.02,0.04,1.46,452,17,644
7,BUENOS AIRES_BAHIA BLANCA,"Bahia Blanca, Buenos Aires",CAMBIEMOS,64.83,35.17,117692,63842,80.37,233442,187615,1.57,0.07,1.6,2948,129,3004
8,BUENOS AIRES_BALCARCE,"Balcarce, Buenos Aires",CAMBIEMOS,66.28,33.72,20068,10208,81.9,37704,30881,1.01,0.04,0.91,312,13,280
9,BUENOS AIRES_BARADERO,"Baradero, Buenos Aires",FRENTE PARA LA VICTORIA,48.22,51.78,10535,11312,82.12,27119,22271,1.03,0.04,0.83,230,10,184
10,BUENOS AIRES_BERAZATEGUI,"Berazategui, Buenos Aires",FRENTE PARA LA VICTORIA,41.31,58.69,82728,117545,85.46,240112,205194,1.55,0.06,0.79,3178,118,1625
11,BUENOS AIRES_BERISSO,"Berisso, Buenos Aires",CAMBIEMOS,50.67,49.33,30688,29874,84.55,73621,62246,1.79,0.08,0.84,1113,48,523
12,BUENOS AIRES_BOLIVAR,"Bolivar, Buenos Aires",CAMBIEMOS,59.16,40.84,13684,9445,81.38,28974,23580,0.98,0.05,0.88,231,12,208
13,BUENOS AIRES_BRAGADO,"Bragado, Buenos Aires",CAMBIEMOS,56.75,43.25,15903,12121,82.24,35039,28816,1.19,0.06,1.51,342,16,434
14,BUENOS AIRES_BRANDSEN,"Brandsen, Buenos Aires",CAMBIEMOS,56.76,43.24,10062,7664,84.28,21480,18103,0.92,0.03,1.14,166,5,206
15,BUENOS AIRES_CAMPANA,"Campana, Buenos Aires",CAMBIEMOS,53.53,46.47,32071,27843,84.02,73015,61345,1.14,0.04,1.15,700,26,705
16,BUENOS AIRES_CAPITAN SARMIENTO,"Capitan Sarmiento, Buenos Aires",CAMBIEMOS,59.08,40.92,5729,3968,82.85,11909,9867,1.14,0.01,0.58,112,1,57
17,BUENOS AIRES_CARLOS CASARES,"Carlos Casares, Buenos Aires",CAMBIEMOS,61.87,38.13,9145,5636,80.88,18618,15058,1.6,0.01,0.23,241,2,34
18,BUENOS AIRES_CARLOS TEJEDOR,"Carlos Tejedor, Buenos Aires",CAMBIEMOS,61.91,38.09,4957,3050,83.53,9806,8191,1.62,0.01,0.61,133,1,50
19,BUENOS AIRES_CARMEN DE ARECO,"Carmen De Areco, Buenos Aires",CAMBIEMOS,52.68,47.32,5311,4770,82.29,12405,10208,1.13,0.01,0.11,115,1,11
20,BUENOS AIRES_CASTELLI,"Castelli, Buenos Aires",CAMBIEMOS,54.42,45.58,3295,2760,84.48,7294,6162,0.78,0.06,0.89,48,4,55
21,BUENOS AIRES_CAÑUELAS,"Cañuelas, Buenos Aires",FRENTE PARA LA VICTORIA,46.69,53.31,15058,17194,83.61,39377,32922,1,0.02,1.02,328,6,336
22,BUENOS AIRES_CHACABUCO,"Chacabuco, Buenos Aires",CAMBIEMOS,55.53,44.47,17931,14357,82.74,39875,32991,1.18,0.04,0.92,388,13,302
23,BUENOS AIRES_CHASCOMUS,"Chascomus, Buenos Aires",CAMBIEMOS,65.88,34.12,16173,8375,82.86,30390,25181,2.19,0.02,0.31,551,4,78
24,BUENOS AIRES_CHIVILCOY,"Chivilcoy, Buenos Aires",CAMBIEMOS,51.45,48.55,23359,22045,83.63,55589,46491,1.43,0.03,0.87,666,16,405
25,BUENOS AIRES_COLON,"Colon, Buenos Aires",FRENTE PARA LA VICTORIA,46.34,53.66,7698,8914,83.24,20338,16930,1.26,0.03,0.58,214,5,99
26,BUENOS AIRES_CORONEL DORREGO,"Coronel Dorrego, Buenos Aires",CAMBIEMOS,62.27,37.73,6767,4101,81.87,13521,11069,0.92,0,0.89,102,0,99
27,BUENOS AIRES_CORONEL PRINGLES,"Coronel Pringles, Buenos Aires",CAMBIEMOS,58.21,41.79,8988,6452,79.05,19951,15771,1.46,0.01,0.62,231,2,98
28,BUENOS AIRES_CORONEL DE MARINA LEONARDO ROSALES,"Coronel Rosales, Buenos Aires",CAMBIEMOS,72.01,27.99,26658,10362,78.79,47843,37697,0.87,0.06,0.86,329,23,325
29,BUENOS AIRES_CORONEL SUAREZ,"Coronel Suarez, Buenos Aires",CAMBIEMOS,59.89,40.11,15627,10468,81.5,32897,26811,1.04,0.04,1.58,280,12,424
30,BUENOS AIRES_DAIREAUX,"Daireaux, Buenos Aires",CAMBIEMOS,51.04,48.96,5746,5512,80.8,14143,11428,0.76,0,0.73,87,0,83
31,BUENOS AIRES_DOLORES,"Dolores, Buenos Aires",CAMBIEMOS,64.14,35.86,11659,6518,80.27,23244,18659,1.51,0.01,1.07,281,1,200
32,BUENOS AIRES_ENSENADA,"Ensenada, Buenos Aires",FRENTE PARA LA VICTORIA,44.19,55.81,17977,22700,82.58,50655,41831,1.67,0.07,1.01,700,31,423
33,BUENOS AIRES_ESCOBAR,"Escobar, Buenos Aires",FRENTE PARA LA VICTORIA,47.71,52.29,62421,68412,82.88,161612,133942,1.35,0.07,0.9,1813,95,1201
34,BUENOS AIRES_ESTEBAN ECHEVERRIA,"Esteban Echeverria, Buenos Aires",FRENTE PARA LA VICTORIA,42.5,57.5,72495,98094,84.52,206851,174826,1.21,0.06,1.15,2121,108,2008
35,BUENOS AIRES_EXALTACION DE LA CRUZ,"Exaltacion De La Cruz, Buenos Aires",CAMBIEMOS,54.72,45.28,10809,8944,83.19,24269,20189,0.94,0.08,1.13,190,17,229
36,BUENOS AIRES_EZEIZA,"Ezeiza, Buenos Aires",FRENTE PARA LA VICTORIA,40.54,59.46,38571,56577,85.16,114177,97231,1.16,0.04,0.94,1131,42,910
37,BUENOS AIRES_FLORENTINO AMEGHINO,"F. Ameghino, Buenos Aires",CAMBIEMOS,58.61,41.39,3703,2615,84.91,7521,6386,0.56,0,0.5,36,0,32
38,BUENOS AIRES_FLORENCIO VARELA,"Florencio Varela, Buenos Aires",FRENTE PARA LA VICTORIA,30.98,69.02,71740,159816,83.31,283696,236349,1.26,0.04,0.73,2978,87,1728
39,BUENOS AIRES_GENERAL ALVARADO,"General Alvarado, Buenos Aires",CAMBIEMOS,57.97,42.03,14976,10859,79.26,33397,26472,1.33,0.04,1.04,351,11,275
40,BUENOS AIRES_GENERAL ALVEAR,"General Alvear, Buenos Aires",CAMBIEMOS,62.26,37.74,4103,2487,81.15,8244,6690,1.39,0,0.1,93,0,7
41,BUENOS AIRES_GENERAL ARENALES,"General Arenales, Buenos Aires",CAMBIEMOS,62.91,37.09,7344,4330,83.49,14165,11826,0.99,0.01,0.29,117,1,34
42,BUENOS AIRES_GENERAL BELGRANO,"General Belgrano, Buenos Aires",CAMBIEMOS,61.13,38.87,7654,4867,83.6,15226,12729,1.02,0.02,0.6,130,2,76
43,BUENOS AIRES_GENERAL GUIDO,"General Guido, Buenos Aires",CAMBIEMOS,62.73,37.27,1244,739,82.34,2457,2023,0.94,0,1.04,19,0,21
44,BUENOS AIRES_GENERAL LA MADRID,"General Lamadrid, Buenos Aires",CAMBIEMOS,59.1,40.9,4379,3030,80.97,9360,7579,0.63,0.03,1.58,48,2,120
45,BUENOS AIRES_GENERAL LAVALLE,"General Lavalle, Buenos Aires",CAMBIEMOS,63.65,36.35,1854,1059,81.04,3660,2966,0.84,0.03,0.91,25,1,27
46,BUENOS AIRES_GENERAL JUAN MADARIAGA,"General Madariaga, Buenos Aires",CAMBIEMOS,57.53,42.47,7538,5564,78.97,16849,13305,1.02,0,0.5,136,0,67
47,BUENOS AIRES_GENERAL PAZ,"General Paz, Buenos Aires",CAMBIEMOS,53.76,46.24,4278,3679,86.53,9348,8089,1.43,0.04,0.16,116,3,13
48,BUENOS AIRES_GENERAL PINTO,"General Pinto, Buenos Aires",CAMBIEMOS,54.29,45.71,4304,3624,84.94,9509,8077,1.34,0.01,0.5,108,1,40
49,BUENOS AIRES_GENERAL PUEYRREDON,"General Pueyrredon, Buenos Aires",CAMBIEMOS,56.63,43.37,226078,173170,77.3,531707,411034,1.3,0.08,1.49,5331,345,6110
50,BUENOS AIRES_GENERAL RODRIGUEZ,"General Rodriguez, Buenos Aires",FRENTE PARA LA VICTORIA,45.09,54.91,23839,29033,82.36,65553,53988,0.95,0.03,1.08,514,17,585
51,BUENOS AIRES_GENERAL SAN MARTIN,"General San Martin, Buenos Aires",CAMBIEMOS,50.46,49.54,127174,124868,81.98,316181,259200,1.55,0.08,1.13,4010,213,2935
52,BUENOS AIRES_GENERAL VIAMONTE,"General Viamonte, Buenos Aires",CAMBIEMOS,56.82,43.18,6939,5274,82.25,15147,12459,1.27,0.03,0.67,158,4,84
53,BUENOS AIRES_GENERAL VILLEGAS,"General Villegas, Buenos Aires",CAMBIEMOS,68.6,31.4,12927,5917,79.39,24181,19197,1.03,0.03,0.78,197,6,150
54,BUENOS AIRES_ADOLFO GONZALES CHAVES,"Gonzales Chaves, Buenos Aires",CAMBIEMOS,50.96,49.04,4136,3980,79.9,10361,8278,1,0.02,0.93,83,2,77
55,BUENOS AIRES_GUAMINI,"Guamini, Buenos Aires",CAMBIEMOS,55.42,44.58,4379,3523,82.44,9706,8002,0.86,0.04,0.35,69,3,28
56,BUENOS AIRES_HIPOLITO YRIGOYEN,"Hipolito Yrigoyen, Buenos Aires",CAMBIEMOS,53.89,46.11,3250,2781,78.03,7830,6110,0.7,0.02,0.57,43,1,35
57,BUENOS AIRES_HURLINGHAM,"Hurlingham, Buenos Aires",FRENTE PARA LA VICTORIA,46.81,53.19,54324,61732,83.26,143144,119186,1.28,0.1,1.25,1523,114,1493
58,BUENOS AIRES_ITUZAINGO,"Ituzaingo, Buenos Aires",FRENTE PARA LA VICTORIA,49.76,50.24,55833,56381,84.29,136958,115441,1.93,0.08,0.78,2232,91,904
59,BUENOS AIRES_JOSE C. PAZ,"J. C. Paz, Buenos Aires",FRENTE PARA LA VICTORIA,33.56,66.44,54325,107560,83.02,199130,165308,0.89,0.05,1.13,1473,83,1867
60,BUENOS AIRES_BENITO JUAREZ,"Juarez, Buenos Aires",CAMBIEMOS,52.28,47.72,7018,6406,81.12,16951,13750,1.02,0.03,1.32,140,4,182
61,BUENOS AIRES_JUNIN,"Junin, Buenos Aires",CAMBIEMOS,58.68,41.32,35014,24657,79.85,76521,61100,1.33,0.02,0.99,811,13,605
62,BUENOS AIRES_LA COSTA,"La Costa, Buenos Aires",CAMBIEMOS,56.29,43.71,27152,21087,79.18,62350,49366,1.09,0.08,1.12,536,38,553
63,BUENOS AIRES_LA PLATA,"La Plata, Buenos Aires",CAMBIEMOS,58.02,41.98,236351,170994,82.3,512116,421467,1.98,0.07,1.3,8356,305,5461
64,BUENOS AIRES_LANUS,"Lanus, Buenos Aires",FRENTE PARA LA VICTORIA,48.34,51.66,144916,154863,82.9,371080,307618,1.64,0.07,0.84,5051,204,2584
65,BUENOS AIRES_LAPRIDA,"Laprida, Buenos Aires",FRENTE PARA LA VICTORIA,49.38,50.62,3637,3729,81.86,9135,7478,0.74,0.03,0.74,55,2,55
66,BUENOS AIRES_LAS FLORES,"Las Flores, Buenos Aires",CAMBIEMOS,58.41,41.59,9654,6875,82.39,20492,16883,1.24,0.02,0.84,209,3,142
67,BUENOS AIRES_GENERAL LAS HERAS,"Las Heras, Buenos Aires",CAMBIEMOS,52.12,47.88,5406,4967,85.67,12312,10548,1.16,0,0.5,122,0,53
68,BUENOS AIRES_LEANDRO N. ALEM,"Leandro N. Alem, Buenos Aires",CAMBIEMOS,53.5,46.5,6309,5484,82.11,14585,11976,0.89,0.01,0.63,106,1,76
69,BUENOS AIRES_LEZAMA,"Lezama, Buenos Aires",CAMBIEMOS,57.44,42.56,2257,1672,85.15,4687,3991,0.98,0.05,0.53,39,2,21
70,BUENOS AIRES_LINCOLN,"Lincoln, Buenos Aires",CAMBIEMOS,64.1,35.9,18250,10221,81.25,35661,28974,0.94,0.07,0.73,273,19,211
71,BUENOS AIRES_LOBERIA,"Loberia, Buenos Aires",CAMBIEMOS,62.42,37.58,7027,4230,80.93,14167,11465,0.6,0.03,1.18,69,4,135
72,BUENOS AIRES_LOBOS,"Lobos, Buenos Aires",CAMBIEMOS,59.86,40.14,14405,9659,83.87,29308,24582,1.53,0.09,0.49,375,23,120
73,BUENOS AIRES_LOMAS DE ZAMORA,"Lomas De Zamora, Buenos Aires",FRENTE PARA LA VICTORIA,41.63,58.37,158266,221906,82.89,470723,390186,1.49,0.05,1.03,5804,201,4009
74,BUENOS AIRES_LUJAN,"Lujan, Buenos Aires",CAMBIEMOS,59.77,40.23,39957,26898,81.64,83849,68452,1.09,0.06,1.18,746,42,809
75,BUENOS AIRES_MAGDALENA,"Magdalena, Buenos Aires",CAMBIEMOS,63.73,36.27,7200,4097,81.57,14137,11532,1.64,0.01,0.39,189,1,45
76,BUENOS AIRES_MAIPU,"Maipu, Buenos Aires",CAMBIEMOS,61.29,38.71,4524,2857,79.51,9477,7535,0.78,0.04,1.22,59,3,92
77,BUENOS AIRES_MALVINAS ARGENTINAS,"Malvinas Argentinas, Buenos Aires",FRENTE PARA LA VICTORIA,38.71,61.29,78211,123852,84.67,244277,206835,1.2,0.08,1.03,2480,171,2121
78,BUENOS AIRES_MAR CHIQUITA,"Mar Chiquita, Buenos Aires",CAMBIEMOS,56.9,43.1,9599,7270,81.7,21070,17214,1.16,0.02,0.82,199,4,142
79,BUENOS AIRES_MARCOS PAZ,"Marcos Paz, Buenos Aires",FRENTE PARA LA VICTORIA,40.32,59.68,12966,19193,82.16,40075,32927,1.42,0.02,0.89,468,8,292
80,BUENOS AIRES_LA MATANZA,"Matanza, Buenos Aires",FRENTE PARA LA VICTORIA,35.57,64.43,274154,496499,84.02,938162,788229,1.41,0.05,0.77,11097,395,6084
81,BUENOS AIRES_MERCEDES,"Mercedes, Buenos Aires",CAMBIEMOS,57.28,42.72,24402,18199,83.05,52507,43609,1.08,0.06,1.18,470,24,514
82,BUENOS AIRES_MERLO,"Merlo, Buenos Aires",FRENTE PARA LA VICTORIA,35.14,64.86,105812,195323,82.9,371705,308141,1.19,0.06,1.03,3659,174,3173
83,BUENOS AIRES_MONTE,"Monte, Buenos Aires",CAMBIEMOS,61.81,38.19,8706,5378,81.79,17531,14338,1.12,0.06,0.59,160,9,85
84,BUENOS AIRES_MONTE HERMOSO,"Monte Hermoso, Buenos Aires",CAMBIEMOS,53.09,46.91,2990,2642,75.06,7651,5743,1.25,0,0.68,72,0,39
85,BUENOS AIRES_MORENO,"Moreno, Buenos Aires",FRENTE PARA LA VICTORIA,35.8,64.2,92263,165471,84.27,312947,263711,1.24,0.07,0.95,3272,194,2511
86,BUENOS AIRES_MORON,"Moron, Buenos Aires",CAMBIEMOS,54.73,45.27,115964,95934,82.57,264286,218232,1.55,0.05,1.3,3373,120,2841
87,BUENOS AIRES_NAVARRO,"Navarro, Buenos Aires",CAMBIEMOS,54.79,45.21,6479,5346,85.55,14040,12011,0.75,0.04,0.76,90,5,91
88,BUENOS AIRES_NECOCHEA,"Necochea, Buenos Aires",CAMBIEMOS,65.73,34.27,40398,21058,78.65,80067,62971,1.24,0.02,1.14,781,15,719
89,BUENOS AIRES_9 DE JULIO,"Nueve De Julio, Buenos Aires",CAMBIEMOS,64.04,35.96,20618,11579,81.48,40216,32767,1.03,0.01,0.7,338,4,228
90,BUENOS AIRES_OLAVARRIA,"Olavarria, Buenos Aires",CAMBIEMOS,55.67,44.33,39997,31850,80.83,91398,73880,1.31,0.06,1.38,967,46,1020
91,BUENOS AIRES_PATAGONES,"Patagones, Buenos Aires",CAMBIEMOS,51.3,48.7,9900,9399,77.94,25235,19669,0.59,0.02,1.27,117,3,250
92,BUENOS AIRES_PEHUAJO,"Pehuajo, Buenos Aires",CAMBIEMOS,53.73,46.27,14079,12126,81.5,32887,26804,0.98,0.01,1.25,263,2,334
93,BUENOS AIRES_PELLEGRINI,"Pellegrini, Buenos Aires",CAMBIEMOS,69.23,30.77,2783,1237,79.99,5127,4101,1.56,0,0.41,64,0,17
94,BUENOS AIRES_PERGAMINO,"Pergamino, Buenos Aires",CAMBIEMOS,63.92,36.08,43742,24686,80.59,87164,70243,1.33,0.04,1.21,937,27,851
95,BUENOS AIRES_PILA,"Pila, Buenos Aires",CAMBIEMOS,55.4,44.6,1395,1123,84.86,3011,2555,0.86,0.04,0.55,22,1,14
96,BUENOS AIRES_PILAR,"Pilar, Buenos Aires",FRENTE PARA LA VICTORIA,47.52,52.48,80238,88611,83.11,207211,172208,0.81,0.08,1.07,1393,130,1836
97,BUENOS AIRES_PINAMAR,"Pinamar, Buenos Aires",CAMBIEMOS,62.06,37.94,10607,6484,76.82,22799,17514,0.92,0.02,1.47,161,4,258
98,BUENOS AIRES_PRESIDENTE PERON,"Presidente Peron, Buenos Aires",FRENTE PARA LA VICTORIA,33.75,66.25,15725,30871,84.74,56140,47574,0.86,0.03,1.17,407,16,555
99,BUENOS AIRES_PUAN,"Puan, Buenos Aires",CAMBIEMOS,73.54,26.46,8197,2950,79.11,14394,11387,1.14,0.04,0.93,130,4,106
100,BUENOS AIRES_PUNTA INDIO,"Punta Indio, Buenos Aires",CAMBIEMOS,54.34,45.66,3936,3307,82.83,8877,7353,0.67,0.14,0.69,49,10,51
101,BUENOS AIRES_QUILMES,"Quilmes, Buenos Aires",FRENTE PARA LA VICTORIA,44.94,55.06,159223,195085,83.6,433849,362707,1.39,0.08,0.85,5039,276,3084
102,BUENOS AIRES_RAMALLO,"Ramallo, Buenos Aires",CAMBIEMOS,50.1,49.9,11162,11116,84.1,26934,22652,1.34,0.01,0.3,303,3,68
103,BUENOS AIRES_RAUCH,"Rauch, Buenos Aires",CAMBIEMOS,54.12,45.88,5920,5019,84.3,13267,11184,1.37,0.04,0.79,153,4,88
104,BUENOS AIRES_RIVADAVIA,"Rivadavia, Buenos Aires",CAMBIEMOS,67.38,32.62,6946,3362,80.77,13065,10552,1.97,0.01,0.33,208,1,35
105,BUENOS AIRES_ROJAS,"Rojas, Buenos Aires",CAMBIEMOS,64.23,35.77,10201,5680,82.6,19664,16243,1.1,0.01,1.13,178,1,183
106,BUENOS AIRES_ROQUE PEREZ,"Roque Perez, Buenos Aires",CAMBIEMOS,61.36,38.64,4975,3133,82.69,9968,8243,0.84,0.04,0.76,69,3,63
107,BUENOS AIRES_SAAVEDRA,"Saavedra, Buenos Aires",CAMBIEMOS,63.1,36.9,8597,5028,78.24,17844,13961,0.77,0.03,1.6,108,4,224
108,BUENOS AIRES_SALADILLO,"Saladillo, Buenos Aires",CAMBIEMOS,64.76,35.24,13537,7365,80.91,26486,21430,1.32,0.04,1.11,282,9,237
109,BUENOS AIRES_SALLIQUELO,"Salliquelo, Buenos Aires",CAMBIEMOS,60.77,39.23,3500,2259,79.79,7312,5834,0.75,0.05,0.48,44,3,28
110,BUENOS AIRES_SALTO,"Salto, Buenos Aires",CAMBIEMOS,56.17,43.83,11988,9353,80.33,27129,21794,1.55,0.05,0.48,338,11,104
111,BUENOS AIRES_SAN ANDRES DE GILES,"San Andres De Giles, Buenos Aires",CAMBIEMOS,57.52,42.48,8394,6200,83.01,18001,14942,2.14,0.02,0.17,320,3,25
112,BUENOS AIRES_SAN ANTONIO DE ARECO,"San Antonio De Areco, Buenos Aires",CAMBIEMOS,54.94,45.06,8978,7362,86.2,19269,16609,0.81,0.02,0.79,135,3,131
113,BUENOS AIRES_SAN CAYETANO,"San Cayetano, Buenos Aires",CAMBIEMOS,66.51,33.49,3721,1874,79.85,7115,5681,1.11,0,0.4,63,0,23
114,BUENOS AIRES_SAN FERNANDO,"San Fernando, Buenos Aires",CAMBIEMOS,53.2,46.8,53610,47160,82.41,125333,103291,1.33,0.06,1.05,1372,61,1088
115,BUENOS AIRES_SAN ISIDRO,"San Isidro, Buenos Aires",CAMBIEMOS,68.91,31.09,145982,65874,82.13,264880,217543,1.38,0.06,1.17,3009,139,2539
116,BUENOS AIRES_SAN MIGUEL,"San Miguel, Buenos Aires",FRENTE PARA LA VICTORIA,47.62,52.38,82653,90913,82.72,214968,177822,1.04,0.08,1.27,1855,136,2265
117,BUENOS AIRES_SAN NICOLAS,"San Nicolas, Buenos Aires",CAMBIEMOS,50.92,49.08,49295,47506,83.48,119164,99483,1.75,0.04,0.9,1744,43,895
118,BUENOS AIRES_SAN PEDRO,"San Pedro, Buenos Aires",CAMBIEMOS,61.09,38.91,22901,14584,80.55,47538,38292,1.05,0.03,1.03,401,10,396
119,BUENOS AIRES_SAN VICENTE,"San Vicente, Buenos Aires",FRENTE PARA LA VICTORIA,48.21,51.79,18618,20004,83.09,47565,39520,1.17,0.04,1.06,463,16,419
120,BUENOS AIRES_SUIPACHA,"Suipacha, Buenos Aires",CAMBIEMOS,55.98,44.02,4174,3282,84.1,9007,7575,1.06,0,0.51,80,0,39
121,BUENOS AIRES_TANDIL,"Tandil, Buenos Aires",CAMBIEMOS,57.08,42.92,45665,34338,81.07,101475,82268,1.37,0.04,1.33,1131,36,1098
122,BUENOS AIRES_TAPALQUE,"Tapalque, Buenos Aires",CAMBIEMOS,56.05,43.95,3703,2904,82.16,8149,6695,0.66,0.03,0.63,44,2,42
123,BUENOS AIRES_TIGRE,"Tigre, Buenos Aires",CAMBIEMOS,51.39,48.61,115993,109739,83.14,280016,232796,1.34,0.07,1.62,3123,171,3770
124,BUENOS AIRES_TORDILLO,"Tordillo, Buenos Aires",CAMBIEMOS,60.92,39.08,884,567,85.12,1734,1476,0.34,0.14,1.22,5,2,18
125,BUENOS AIRES_TORNQUIST,"Tornquist, Buenos Aires",CAMBIEMOS,65.78,34.22,5617,2922,80.66,10835,8740,1.11,0.03,1.16,97,3,101
126,BUENOS AIRES_TRENQUE LAUQUEN,"Trenque Lauquen, Buenos Aires",CAMBIEMOS,59.43,40.57,16885,11528,78.83,36833,29037,1.31,0.01,0.83,380,3,241
127,BUENOS AIRES_TRES ARROYOS,"Tres Arroyos, Buenos Aires",CAMBIEMOS,52.78,47.22,20562,18395,79.1,50366,39839,1.17,0.02,1.02,468,8,406
128,BUENOS AIRES_TRES DE FEBRERO,"Tres De Febrero, Buenos Aires",CAMBIEMOS,52.37,47.63,115328,104871,82.72,274161,226775,1.68,0.09,1.12,3819,215,2542
129,BUENOS AIRES_TRES LOMAS,"Tres Lomas, Buenos Aires",FRENTE PARA LA VICTORIA,47.39,52.61,2465,2737,82.75,6372,5273,0.64,0.02,0.68,34,1,36
130,BUENOS AIRES_25 DE MAYO,"Veinticinco De Mayo, Buenos Aires",CAMBIEMOS,59.32,40.68,14329,9825,81.71,30147,24633,1.31,0.03,0.6,322,8,149
131,BUENOS AIRES_VICENTE LOPEZ,"Vicente Lopez, Buenos Aires",CAMBIEMOS,69.65,30.35,124990,54466,81.08,228854,185559,1.98,0.06,1.25,3668,120,2315
132,BUENOS AIRES_VILLA GESELL,"Villa Gesell, Buenos Aires",CAMBIEMOS,52.55,47.45,10496,9479,76.42,26816,20493,1.17,0.01,1.35,240,2,276
133,BUENOS AIRES_VILLARINO,"Villarino, Buenos Aires",CAMBIEMOS,65.84,34.16,11784,6115,80.32,22808,18320,0.94,0.02,1.34,173,3,245
134,BUENOS AIRES_ZARATE,"Zarate, Buenos Aires",FRENTE PARA LA VICTORIA,45.9,54.1,33548,39539,82.99,90230,74881,1.56,0.03,0.81,1170,21,603
135,CATAMARCA_AMBATO,"Ambato, Catamarca",FRENTE PARA LA VICTORIA,41.13,58.87,1503,2151,78.71,4692,3693,0.84,0,0.22,31,0,8
,CATAMARCA_ANTOFAGASTA DE LA SIERRA,"Antofagasta de la Sierra, Catamarca",,0,0,0,0,0,0,0,0,0,0,0,0,0
,JUJUY_VALLE GRANDE,"Valle Grande, Jujuy",,0,0,0,0,0,0,0,0,0,0,0,0,0
,SALTA_SANTA VICTORIA,"Santa Victoria, Salta",,0,0,0,0,0,0,0,0,0,0,0,0,0
,SALTA_RIVADAVIA,"Rivadavia, Salta",,0,0,0,0,0,0,0,0,0,0,0,0,0
136,CATAMARCA_ANCASTI,"Ancasti, Catamarca",FRENTE PARA LA VICTORIA,39.1,60.9,768,1196,73.64,2693,1983,0.5,0.1,0.35,10,2,7
137,CATAMARCA_ANDALGALA,"Andalgala, Catamarca",FRENTE PARA LA VICTORIA,45.91,54.09,4877,5747,74.16,14626,10846,0.99,0.02,1.04,107,2,113
138,CATAMARCA_BELEN,"Belen, Catamarca",FRENTE PARA LA VICTORIA,46.2,53.8,7322,8528,76.44,21134,16154,1.09,0.06,0.74,176,9,119
139,CATAMARCA_CAPAYAN,"Capayan, Catamarca",FRENTE PARA LA VICTORIA,40.91,59.09,3878,5602,76.2,12620,9617,0.81,0,0.61,78,0,59
140,CATAMARCA_CAPITAL,"Capital, Catamarca",CAMBIEMOS,52.03,47.97,47027,43351,75.39,122290,92190,0.73,0.03,1.2,674,31,1107
141,CATAMARCA_EL ALTO,"El Alto, Catamarca",FRENTE PARA LA VICTORIA,36.15,63.85,989,1747,77.33,3587,2774,0.72,0,0.65,20,0,18
142,CATAMARCA_FRAY MAMERTO ESQUIU,"Fray Mamerto Esquiu, Catamarca",FRENTE PARA LA VICTORIA,43.69,56.31,3438,4431,80.44,9926,7984,0.64,0,0.8,51,0,64
143,CATAMARCA_LA PAZ,"La Paz, Catamarca",FRENTE PARA LA VICTORIA,40.11,59.89,3823,5708,73.6,13104,9645,0.56,0.05,0.57,54,5,55
144,CATAMARCA_PACLIN,"Paclin, Catamarca",CAMBIEMOS,50.72,49.28,1488,1446,81.28,3633,2953,0.47,0.03,0.14,14,1,4
145,CATAMARCA_POMAN,"Poman, Catamarca",FRENTE PARA LA VICTORIA,40.28,59.72,2678,3970,79.83,8408,6712,0.4,0.03,0.52,27,2,35
146,CATAMARCA_SANTA MARIA,"Santa Maria, Catamarca",FRENTE PARA LA VICTORIA,44.51,55.49,6415,7997,76.07,19266,14656,0.59,0.04,1.03,87,6,151
147,CATAMARCA_SANTA ROSA,"Santa Rosa, Catamarca",FRENTE PARA LA VICTORIA,30.66,69.34,2381,5384,79.49,9895,7866,0.61,0.01,0.66,48,1,52
148,CATAMARCA_TINOGASTA,"Tinogasta, Catamarca",FRENTE PARA LA VICTORIA,43.65,56.35,5087,6568,71.66,16782,12026,2.19,0.03,0.86,263,4,104
149,CATAMARCA_VALLE VIEJO,"Valle Viejo, Catamarca",FRENTE PARA LA VICTORIA,48.72,51.28,8115,8542,76.63,22095,16932,0.59,0.04,0.99,100,7,168
150,CHACO_12 DE OCTUBRE,"12 De Octubre, Chaco",FRENTE PARA LA VICTORIA,37.77,62.23,5443,8967,78.53,18531,14552,0.66,0,0.32,96,0,46
151,CHACO_2 DE ABRIL,"2 De Abril, Chaco",FRENTE PARA LA VICTORIA,42.23,57.77,1917,2622,81.53,5608,4572,0.5,0.09,0.13,23,4,6
152,CHACO_25 DE MAYO,"25 De Mayo, Chaco",FRENTE PARA LA VICTORIA,34.13,65.87,6150,11868,77.48,23477,18189,0.67,0,0.27,121,0,50
153,CHACO_9 DE JULIO,"9 De Julio, Chaco",FRENTE PARA LA VICTORIA,41.5,58.5,7477,10541,80.32,22652,18195,0.43,0.02,0.52,79,4,94
154,CHACO_ALMIRANTE BROWN,"Almirante Brown, Chaco",FRENTE PARA LA VICTORIA,31.57,68.43,6400,13872,76,26867,20419,0.46,0.02,0.24,93,4,50
155,CHACO_BERMEJO,"Bermejo, Chaco",FRENTE PARA LA VICTORIA,31.91,68.09,5355,11428,78.35,21744,17037,1.17,0.02,0.3,200,3,51
156,CHACO_CHACABUCO,"Chacabuco, Chaco",FRENTE PARA LA VICTORIA,44.94,55.06,8845,10835,80,24869,19894,0.52,0.05,0.51,103,9,102
157,CHACO_COMANDANTE FERNANDEZ,"Comandante Fernandez, Chaco",FRENTE PARA LA VICTORIA,47.88,52.12,27839,30303,78.73,75004,59051,0.71,0.03,0.8,421,15,473
158,CHACO_FRAY JUSTO SANTA MARIA DE ORO,"Fray J. Sta. Maria De Oro, Chaco",FRENTE PARA LA VICTORIA,39.31,60.69,2808,4335,76.58,9393,7193,0.51,0.06,0.13,37,4,9
159,CHACO_GENERAL BELGRANO,"General Belgrano, Chaco",FRENTE PARA LA VICTORIA,27.99,72.01,1944,5002,74.51,9376,6986,0.47,0,0.1,33,0,7
160,CHACO_GENERAL DONOVAN,"General Donovan, Chaco",FRENTE PARA LA VICTORIA,35.63,64.37,3356,6062,83.94,11352,9529,0.75,0.03,0.39,71,3,37
161,CHACO_GENERAL GUEMES,"General Guemes, Chaco",FRENTE PARA LA VICTORIA,28.54,71.46,12253,30683,73.36,59160,43399,0.71,0.01,0.35,306,4,153
162,CHACO_INDEPENDENCIA,"Independencia, Chaco",FRENTE PARA LA VICTORIA,29.22,70.78,3867,9368,77.34,17235,13329,0.43,0,0.28,57,0,37
163,CHACO_LIBERTADOR GENERAL SAN MARTIN,"Lib. Gral. San Martin, Chaco",FRENTE PARA LA VICTORIA,35.99,64.01,13239,23543,79.04,47070,37204,0.55,0,0.58,205,1,216
164,CHACO_LIBERTAD,"Libertad, Chaco",FRENTE PARA LA VICTORIA,35.85,64.15,3046,5450,86.2,9992,8613,0.95,0,0.41,82,0,35
165,CHACO_MAIPU,"Maipu, Chaco",FRENTE PARA LA VICTORIA,40.49,59.51,5854,8605,73.45,19875,14598,0.84,0,0.11,123,0,16
166,CHACO_MAYOR LUIS J. FONTANA,"Mayor L. J. Fontana, Chaco",FRENTE PARA LA VICTORIA,40.81,59.19,14493,21018,79.33,45436,36045,1,0.17,0.31,360,62,112
167,CHACO_O'HIGGINS,"O'Higgins, Chaco",FRENTE PARA LA VICTORIA,27.87,72.13,3580,9267,77.62,16702,12964,0.62,0,0.29,80,0,37
168,CHACO_PRESIDENCIA DE LA PLAZA,"Pcia. De La Plaza, Chaco",FRENTE PARA LA VICTORIA,36.6,63.4,2613,4526,76.8,9419,7234,0.79,0.01,0.51,57,1,37
169,CHACO_1° DE MAYO,"Primero De Mayo, Chaco",FRENTE PARA LA VICTORIA,39.35,60.65,3281,5057,86.32,9776,8439,0.82,0,0.38,69,0,32
170,CHACO_QUITILIPI,"Quitilipi, Chaco",FRENTE PARA LA VICTORIA,42.15,57.85,8341,11448,74.59,26773,19969,0.67,0,0.24,133,0,47
171,CHACO_SAN FERNANDO,"San Fernando, Chaco",FRENTE PARA LA VICTORIA,46.33,53.67,120939,140104,82.91,320552,265778,0.68,0.06,1.04,1805,162,2768
172,CHACO_SAN LORENZO,"San Lorenzo, Chaco",FRENTE PARA LA VICTORIA,28.31,71.69,2704,6848,77.98,12377,9651,0.6,0.01,0.41,58,1,40
173,CHACO_SARGENTO CABRAL,"Sargento Cabral, Chaco",FRENTE PARA LA VICTORIA,31.86,68.14,3618,7737,81.46,14064,11456,0.62,0,0.26,71,0,30
174,CHACO_TAPENAGA,"Tapenaga, Chaco",FRENTE PARA LA VICTORIA,30.73,69.27,695,1567,77.31,2962,2290,0.87,0,0.35,20,0,8
175,CHUBUT_BIEDMA,"Biedma, Chubut",FRENTE PARA LA VICTORIA,42.11,57.89,20486,28166,78.84,63761,50268,1.01,0.07,2.13,506,37,1073
176,CHUBUT_CUSHAMEN,"Cushamen, Chubut",FRENTE PARA LA VICTORIA,30.09,69.91,4758,11054,77.04,21282,16396,1.01,0.01,2.54,166,1,417
177,CHUBUT_ESCALANTE,"Escalante, Chubut",FRENTE PARA LA VICTORIA,40.21,59.79,46433,69032,79.57,149442,118911,0.89,0.06,1.95,1062,70,2314
178,CHUBUT_FLORENTINO AMEGHINO,"F. Ameghino, Chubut",FRENTE PARA LA VICTORIA,31.43,68.57,298,650,71.63,1343,962,0.42,0,1.04,4,0,10
179,CHUBUT_FUTALEUFU,"Futaleufu, Chubut",FRENTE PARA LA VICTORIA,45.96,54.04,12158,14297,74.72,36917,27585,1.56,0.02,2.52,431,5,694
180,CHUBUT_GAIMAN,"Gaiman, Chubut",FRENTE PARA LA VICTORIA,46.16,53.84,3237,3776,79.42,9078,7210,1.01,0.06,1.66,73,4,120
181,CHUBUT_GASTRE,"Gastre, Chubut",FRENTE PARA LA VICTORIA,23.46,76.54,156,509,55.56,1222,679,1.03,0,1.03,7,0,7
182,CHUBUT_LANGUIÑEO,"Languiñeo, Chubut",FRENTE PARA LA VICTORIA,25.17,74.83,449,1335,73.09,2508,1833,0.76,0,1.91,14,0,35
183,CHUBUT_MARTIRES,"Martires, Chubut",FRENTE PARA LA VICTORIA,36.43,63.57,145,253,69.42,605,420,1.67,0,3.57,7,0,15
184,CHUBUT_PASO DE INDIOS,"Paso De Indios, Chubut",FRENTE PARA LA VICTORIA,39.59,60.41,426,650,71.88,1540,1107,0.99,0,1.81,11,0,20
185,CHUBUT_RAWSON,"Rawson, Chubut",FRENTE PARA LA VICTORIA,43.42,56.58,35513,46278,79.59,106056,84406,0.93,0.04,2.12,787,36,1792
186,CHUBUT_RIO SENGUER,"Rio Senguer, Chubut",FRENTE PARA LA VICTORIA,33.58,66.42,1172,2318,71.5,4975,3557,0.51,0.06,1.32,18,2,47
187,CHUBUT_SARMIENTO,"Sarmiento, Chubut",FRENTE PARA LA VICTORIA,41.78,58.22,2859,3984,75.63,9258,7002,0.66,0.11,1.5,46,8,105
188,CHUBUT_TEHUELCHES,"Tehuelches, Chubut",FRENTE PARA LA VICTORIA,33.84,66.16,1138,2225,71.1,4841,3442,0.84,0.09,1.37,29,3,47
189,CHUBUT_TELSEN,"Telsen, Chubut",FRENTE PARA LA VICTORIA,31.82,68.18,287,615,61.41,1508,926,0.76,0,1.84,7,0,17
190,CIUDAD AUTONOMA DE BUENOS AIRES_COMUNA 1,"Comuna 1, Ciudad Autonoma De Buenos Aires",CAMBIEMOS,63.26,36.74,79446,46149,72.61,178945,129935,1.81,0.07,1.46,2356,91,1893
191,CIUDAD AUTONOMA DE BUENOS AIRES_COMUNA 10,"Comuna 10, Ciudad Autonoma De Buenos Aires",CAMBIEMOS,63.19,36.81,73653,42908,81.57,149400,121873,2.36,0.08,1.92,2871,99,2342
192,CIUDAD AUTONOMA DE BUENOS AIRES_COMUNA 11,"Comuna 11, Ciudad Autonoma De Buenos Aires",CAMBIEMOS,66.02,33.98,89121,45869,81.83,172158,140881,2.27,0.13,1.78,3200,180,2511
193,CIUDAD AUTONOMA DE BUENOS AIRES_COMUNA 12,"Comuna 12, Ciudad Autonoma De Buenos Aires",CAMBIEMOS,67.01,32.99,98838,48664,82.32,186591,153593,2.3,0.08,1.59,3535,120,2436
194,CIUDAD AUTONOMA DE BUENOS AIRES_COMUNA 13,"Comuna 13, Ciudad Autonoma De Buenos Aires",CAMBIEMOS,75.92,24.08,126657,40180,79.32,218171,173058,2.22,0.05,1.33,3843,84,2294
195,CIUDAD AUTONOMA DE BUENOS AIRES_COMUNA 14,"Comuna 14, Ciudad Autonoma De Buenos Aires",CAMBIEMOS,74.75,25.25,118182,39912,77.74,210581,163697,2.11,0.04,1.27,3451,71,2081
196,CIUDAD AUTONOMA DE BUENOS AIRES_COMUNA 15,"Comuna 15, Ciudad Autonoma De Buenos Aires",CAMBIEMOS,60.47,39.53,76110,49748,79.31,166288,131884,2.57,0.05,1.95,3394,61,2571
197,CIUDAD AUTONOMA DE BUENOS AIRES_COMUNA 2,"Comuna 2, Ciudad Autonoma De Buenos Aires",CAMBIEMOS,79.54,20.46,85537,21998,76,145810,110820,1.78,0.02,1.16,1976,25,1284
198,CIUDAD AUTONOMA DE BUENOS AIRES_COMUNA 3,"Comuna 3, Ciudad Autonoma De Buenos Aires",CAMBIEMOS,60.46,39.54,71524,46782,75.38,163619,123339,2.15,0.05,1.88,2655,57,2321
199,CIUDAD AUTONOMA DE BUENOS AIRES_COMUNA 4,"Comuna 4, Ciudad Autonoma De Buenos Aires",CAMBIEMOS,55.15,44.85,74656,60715,78.68,178099,140126,1.67,0.05,1.67,2336,73,2346
200,CIUDAD AUTONOMA DE BUENOS AIRES_COMUNA 5,"Comuna 5, Ciudad Autonoma De Buenos Aires",CAMBIEMOS,60.61,39.39,73234,47595,79.5,158836,126267,2.4,0.06,1.85,3034,70,2334
201,CIUDAD AUTONOMA DE BUENOS AIRES_COMUNA 6,"Comuna 6, Ciudad Autonoma De Buenos Aires",CAMBIEMOS,66.69,33.31,83555,41730,81.32,161249,131135,2.63,0.03,1.8,3450,41,2359
202,CIUDAD AUTONOMA DE BUENOS AIRES_COMUNA 7,"Comuna 7, Ciudad Autonoma De Buenos Aires",CAMBIEMOS,61.33,38.67,81217,51208,79.5,173815,138189,2.24,0.09,1.85,3092,119,2553
203,CIUDAD AUTONOMA DE BUENOS AIRES_COMUNA 8,"Comuna 8, Ciudad Autonoma De Buenos Aires",CAMBIEMOS,51.1,48.9,54592,52247,80.16,137456,110178,1.46,0.07,1.5,1613,75,1651
204,CIUDAD AUTONOMA DE BUENOS AIRES_COMUNA 9,"Comuna 9, Ciudad Autonoma De Buenos Aires",CAMBIEMOS,59.59,40.41,68777,46649,81.69,146809,119929,2.01,0.06,1.68,2414,72,2017
205,CORDOBA_CALAMUCHITA,"Calamuchita, Cordoba",CAMBIEMOS,67.38,32.62,25293,12246,80.53,47907,38580,1.04,0.05,1.61,400,21,620
206,CORDOBA_CAPITAL,"Capital, Cordoba",CAMBIEMOS,74.89,25.11,621106,208261,79.39,1074495,853021,1.07,0.07,1.64,9122,555,13977
207,CORDOBA_COLON,"Colon, Cordoba",CAMBIEMOS,75.69,24.31,121686,39092,80.11,205752,164829,0.89,0.04,1.53,1469,68,2514
208,CORDOBA_CRUZ DEL EJE,"Cruz Del Eje, Cordoba",FRENTE PARA LA VICTORIA,49.84,50.16,16937,17046,73.8,46817,34552,0.67,0.04,0.93,233,13,323
209,CORDOBA_GENERAL ROCA,"General Roca, Cordoba",CAMBIEMOS,67.63,32.37,14341,6865,76.35,28262,21579,0.93,0,0.79,201,1,171
210,CORDOBA_GENERAL SAN MARTIN,"General San Martin, Cordoba",CAMBIEMOS,61.37,38.63,53323,33559,80.67,110300,88974,1.01,0.04,1.3,895,39,1158
211,CORDOBA_ISCHILIN,"Ischilin, Cordoba",CAMBIEMOS,61.52,38.48,12538,7841,77.71,26771,20803,0.89,0.11,1.04,185,23,216
212,CORDOBA_JUAREZ CELMAN,"Juarez Celman, Cordoba",CAMBIEMOS,68.86,31.14,27727,12539,80.74,51116,41272,1.12,0.02,1.3,464,7,535
213,CORDOBA_MARCOS JUAREZ,"Marcos Juarez, Cordoba",CAMBIEMOS,70.95,29.05,48595,19900,80.7,86827,70069,1.55,0,0.69,1088,3,483
214,CORDOBA_MINAS,"Minas, Cordoba",FRENTE PARA LA VICTORIA,47.14,52.86,1590,1783,69.05,4992,3447,0.81,0,1.33,28,0,46
215,CORDOBA_POCHO,"Pocho, Cordoba",CAMBIEMOS,53.1,46.9,1593,1407,66.05,4616,3049,0.92,0,0.69,28,0,21
216,CORDOBA_PUNILLA,"Punilla, Cordoba",CAMBIEMOS,72.63,27.37,87352,32923,78.16,158483,123868,0.98,0.03,1.89,1217,34,2342
217,CORDOBA_RIO CUARTO,"Rio Cuarto, Cordoba",CAMBIEMOS,70.11,29.89,113382,48336,79.81,208598,166480,1.12,0.04,1.7,1872,59,2831
218,CORDOBA_RIO PRIMERO,"Rio Primero, Cordoba",CAMBIEMOS,71.69,28.31,22337,8820,81.2,39035,31698,0.83,0,0.88,262,1,278
219,CORDOBA_RIO SECO,"Rio Seco, Cordoba",CAMBIEMOS,56.08,43.92,5152,4035,76.12,12288,9354,1.02,0.11,0.66,95,10,62
220,CORDOBA_RIO SEGUNDO,"Rio Segundo, Cordoba",CAMBIEMOS,73.33,26.67,51707,18805,82.33,87665,72174,0.92,0,1.39,661,1,1000
221,CORDOBA_PRESIDENTE ROQUE SAENZ PEÑA,"Roque Saenz Pena, Cordoba",CAMBIEMOS,71.41,28.59,16465,6591,78.05,30223,23589,1.11,0,1.14,263,1,269
222,CORDOBA_SAN ALBERTO,"San Alberto, Cordoba",CAMBIEMOS,61.94,38.06,15220,9353,79.36,31726,25178,0.98,0.02,1.4,248,4,353
223,CORDOBA_SAN JAVIER,"San Javier, Cordoba",CAMBIEMOS,56.77,43.23,20150,15341,79.41,45671,36269,0.98,0.02,1.14,355,8,415
224,CORDOBA_SAN JUSTO,"San Justo, Cordoba",CAMBIEMOS,71.3,28.7,96535,38861,79.45,174350,138514,1.02,0.02,1.22,1409,26,1683
225,CORDOBA_SANTA MARIA,"Santa Maria, Cordoba",CAMBIEMOS,74.03,25.97,49946,17518,80.82,85874,69407,0.95,0.04,1.8,660,31,1252
226,CORDOBA_SOBREMONTE,"Sobremonte, Cordoba",CAMBIEMOS,55.56,44.44,1608,1286,75.34,3913,2948,1.15,0,0.68,34,0,20
227,CORDOBA_TERCERO ARRIBA,"Tercero Arriba, Cordoba",CAMBIEMOS,71.97,28.03,54846,21357,80.95,96330,77981,1.05,0.01,1.22,816,11,951
228,CORDOBA_TOTORAL,"Totoral, Cordoba",CAMBIEMOS,70.84,29.16,9185,3781,82.09,16023,13154,0.67,0.01,0.75,88,1,99
229,CORDOBA_TULUMBA,"Tulumba, Cordoba",CAMBIEMOS,56.99,43.01,4969,3750,74.27,11936,8865,0.83,0.01,0.8,74,1,71
230,CORDOBA_UNION,"Union, Cordoba",CAMBIEMOS,67.54,32.46,46435,22315,78.07,90040,70291,1.26,0.02,0.91,887,12,642
231,CORRIENTES_BELLA VISTA,"Bella Vista, Corrientes",FRENTE PARA LA VICTORIA,36.78,63.22,8821,15161,81.46,29769,24249,0.45,0.02,0.64,108,5,154
232,CORRIENTES_BERON DE ASTRADA,"Beron De Astrada, Corrientes",FRENTE PARA LA VICTORIA,37.6,62.4,685,1137,80.87,2269,1835,0.38,0,0.33,7,0,6
233,CORRIENTES_CAPITAL,"Capital, Corrientes",CAMBIEMOS,53.56,46.44,123698,107262,83.03,283565,235443,0.55,0.06,1.29,1290,153,3040
234,CORRIENTES_CONCEPCION,"Concepcion, Corrientes",FRENTE PARA LA VICTORIA,35.14,64.86,4308,7953,76.76,16182,12421,0.52,0,0.77,64,0,96
235,CORRIENTES_CURUZU CUATIA,"Curuzu Cuatia, Corrientes",FRENTE PARA LA VICTORIA,42.7,57.3,11997,16099,78.37,36353,28491,0.47,0.03,0.89,134,8,253
236,CORRIENTES_EMPEDRADO,"Empedrado, Corrientes",FRENTE PARA LA VICTORIA,42.86,57.14,4212,5615,78.54,12722,9992,0.56,0.01,1.08,56,1,108
237,CORRIENTES_ESQUINA,"Esquina, Corrientes",FRENTE PARA LA VICTORIA,39.8,60.2,8089,12235,74.79,27502,20569,0.53,0,0.66,109,1,135
238,CORRIENTES_GENERAL ALVEAR,"General Alvear, Corrientes",FRENTE PARA LA VICTORIA,39.32,60.68,1954,3016,73.61,6837,5033,0.52,0,0.74,26,0,37
239,CORRIENTES_GENERAL PAZ,"General Paz, Corrientes",FRENTE PARA LA VICTORIA,41.14,58.86,4216,6033,77.65,13318,10341,0.37,0.01,0.51,38,1,53
240,CORRIENTES_GOYA,"Goya, Corrientes",FRENTE PARA LA VICTORIA,34.79,65.21,19880,37270,79.88,72623,58009,0.58,0.04,0.86,336,23,500
241,CORRIENTES_ITATI,"Itati, Corrientes",FRENTE PARA LA VICTORIA,41.8,58.2,2598,3617,74.28,8449,6276,0.37,0,0.61,23,0,38
242,CORRIENTES_ITUZAINGO,"Ituzaingo, Corrientes",FRENTE PARA LA VICTORIA,41.84,58.16,8507,11826,78.69,26285,20683,0.43,0.12,1.15,89,24,237
243,CORRIENTES_LAVALLE,"Lavalle, Corrientes",FRENTE PARA LA VICTORIA,30.41,69.59,5727,13106,81.24,23434,19038,0.34,0,0.74,65,0,140
244,CORRIENTES_MBURUCUYA,"Mburucuya, Corrientes",FRENTE PARA LA VICTORIA,35.65,64.35,2352,4245,78.85,8445,6659,0.41,0,0.53,27,0,35
245,CORRIENTES_MERCEDES,"Mercedes, Corrientes",FRENTE PARA LA VICTORIA,43.37,56.63,11537,15063,79.21,33976,26911,0.37,0,0.78,99,1,211
246,CORRIENTES_MONTE CASEROS,"Monte Caseros, Corrientes",FRENTE PARA LA VICTORIA,45.43,54.57,10288,12356,78.36,29236,22909,0.69,0.01,0.46,158,2,105
247,CORRIENTES_PASO DE LOS LIBRES,"Paso De Los Libres, Corrientes",FRENTE PARA LA VICTORIA,39.34,60.66,12188,18795,77,40790,31407,0.49,0.02,0.84,154,5,265
248,CORRIENTES_SALADAS,"Saladas, Corrientes",FRENTE PARA LA VICTORIA,37.46,62.54,5235,8740,80.84,17512,14157,0.51,0.01,0.76,72,2,108
249,CORRIENTES_SAN COSME,"San Cosme, Corrientes",CAMBIEMOS,55.44,44.56,6176,4964,80.66,13989,11283,0.41,0.03,0.83,46,3,94
250,CORRIENTES_SAN LUIS DEL PALMAR,"San Luis Del Palmar, Corrientes",FRENTE PARA LA VICTORIA,37.35,62.65,4791,8037,83.62,15502,12962,0.44,0,0.59,57,0,77
251,CORRIENTES_SAN MARTIN,"San Martin, Corrientes",FRENTE PARA LA VICTORIA,42.07,57.93,3256,4483,74.38,10542,7841,0.78,0.01,0.51,61,1,40
252,CORRIENTES_SAN MIGUEL,"San Miguel, Corrientes",FRENTE PARA LA VICTORIA,28.99,71.01,1883,4613,78.52,8356,6561,0.53,0,0.46,35,0,30
253,CORRIENTES_SAN ROQUE,"San Roque, Corrientes",FRENTE PARA LA VICTORIA,29.37,70.63,3617,8697,77.17,16121,12441,0.33,0.01,0.68,41,1,85
254,CORRIENTES_SANTO TOME,"Santo Tome, Corrientes",FRENTE PARA LA VICTORIA,45.83,54.17,17075,20185,79.66,47452,37801,0.46,0.02,0.95,172,9,360
255,CORRIENTES_SAUCE,"Sauce, Corrientes",FRENTE PARA LA VICTORIA,39.47,60.53,2261,3468,77.31,7485,5787,0.5,0.03,0.47,29,2,27
256,ENTRE RIOS_COLON,"Colon, Entre Rios",CAMBIEMOS,53.25,46.75,23054,20238,83.63,52787,44148,0.78,0.04,1.11,345,19,492
257,ENTRE RIOS_CONCORDIA,"Concordia, Entre Rios",FRENTE PARA LA VICTORIA,44.45,55.55,49600,61977,84.03,135161,113576,0.56,0.11,1.1,635,120,1244
258,ENTRE RIOS_DIAMANTE,"Diamante, Entre Rios",CAMBIEMOS,61.5,38.5,18836,11792,80,39019,31214,0.79,0.01,1.07,247,4,335
259,ENTRE RIOS_FEDERACION,"Federacion, Entre Rios",CAMBIEMOS,57.46,42.54,26191,19390,84.14,55104,46364,0.62,0.02,1.04,289,11,483
260,ENTRE RIOS_FEDERAL,"Federal, Entre Rios",FRENTE PARA LA VICTORIA,40.1,59.9,7192,10742,82.94,21871,18140,0.42,0.06,0.66,77,10,119
261,ENTRE RIOS_FELICIANO,"Feliciano, Entre Rios",FRENTE PARA LA VICTORIA,40.89,59.11,4080,5898,82.22,12329,10137,0.43,0.02,1.11,44,2,113
262,ENTRE RIOS_GUALEGUAY,"Gualeguay, Entre Rios",CAMBIEMOS,56.91,43.09,19933,15093,81.59,43791,35727,0.94,0.04,0.98,336,15,350
263,ENTRE RIOS_GUALEGUAYCHU,"Gualeguaychu, Entre Rios",CAMBIEMOS,58.52,41.48,44740,31708,85.47,91297,78031,0.84,0.04,1.15,654,32,897
264,ENTRE RIOS_ISLAS DEL IBICUY,"Islas Del Ibicuy, Entre Rios",FRENTE PARA LA VICTORIA,45.85,54.15,3982,4702,81.93,10740,8799,0.49,0,0.82,43,0,72
265,ENTRE RIOS_LA PAZ,"La Paz, Entre Rios",FRENTE PARA LA VICTORIA,44.06,55.94,19502,24761,80.87,55545,44922,0.55,0.02,0.9,247,8,404
266,ENTRE RIOS_NOGOYA,"Nogoya, Entre Rios",CAMBIEMOS,53.56,46.44,14218,12326,83.24,32387,26960,0.88,0.03,0.63,238,9,169
267,ENTRE RIOS_PARANA,"Parana, Entre Rios",CAMBIEMOS,57.96,42.04,136632,99102,83.74,288648,241709,0.99,0.08,1.4,2396,202,3377
268,ENTRE RIOS_SAN SALVADOR,"San Salvador, Entre Rios",CAMBIEMOS,55.56,44.44,6725,5380,85.19,14481,12336,0.65,0.01,1.22,80,1,150
269,ENTRE RIOS_TALA,"Tala, Entre Rios",CAMBIEMOS,55.42,44.58,10075,8103,81.78,22684,18552,0.91,0.01,1.1,169,1,204
270,ENTRE RIOS_URUGUAY,"Uruguay, Entre Rios",CAMBIEMOS,54.5,45.5,36817,30733,83.7,82611,69147,0.98,0.03,1.3,676,20,901
271,ENTRE RIOS_VICTORIA,"Victoria, Entre Rios",CAMBIEMOS,59.24,40.76,14160,9743,81.63,29755,24289,0.61,0.04,0.94,147,10,229
272,ENTRE RIOS_VILLAGUAY,"Villaguay, Entre Rios",CAMBIEMOS,50.12,49.88,15261,15186,79.13,39283,31086,0.8,0.04,1.21,249,13,377
273,FORMOSA_BERMEJO,"Bermejo, Formosa",FRENTE PARA LA VICTORIA,22.85,77.15,1751,5912,68.58,11247,7713,0.48,0.01,0.16,37,1,12
274,FORMOSA_FORMOSA,"Formosa, Formosa",FRENTE PARA LA VICTORIA,45.79,54.21,65136,77122,79.92,180668,144381,0.52,0.04,0.91,750,56,1317
275,FORMOSA_LAISHI,"Laishi, Formosa",FRENTE PARA LA VICTORIA,31.29,68.71,3951,8676,80.87,15738,12728,0.28,0,0.51,36,0,65
276,FORMOSA_MATACOS,"Matacos, Formosa",FRENTE PARA LA VICTORIA,17.33,82.67,1420,6776,70.52,11704,8254,0.31,0.02,0.36,26,2,30
277,FORMOSA_PATIÑO,"Patiño, Formosa",FRENTE PARA LA VICTORIA,28.61,71.39,11839,29539,74.08,56422,41797,0.58,0.05,0.38,242,20,157
278,FORMOSA_PILAGAS,"Pilagas, Formosa",FRENTE PARA LA VICTORIA,23.7,76.3,2835,9128,77.71,15475,12025,0.22,0.02,0.27,27,2,33
279,FORMOSA_PILCOMAYO,"Pilcomayo, Formosa",FRENTE PARA LA VICTORIA,28.39,71.61,14633,36907,76.28,68234,52046,0.33,0.05,0.59,174,26,306
280,FORMOSA_PIRANE,"Pirane, Formosa",FRENTE PARA LA VICTORIA,32.77,67.23,12670,25993,77.28,50557,39068,0.5,0.02,0.51,195,9,201
281,FORMOSA_RAMON LISTA,"Ramon Lista, Formosa",FRENTE PARA LA VICTORIA,21.92,78.08,1511,5383,74.66,9287,6934,0.33,0,0.25,23,0,17
282,JUJUY_COCHINOCA,"Cochinoca, Jujuy",FRENTE PARA LA VICTORIA,41.47,58.53,2915,4115,74.08,9678,7169,0.47,0,1.46,34,0,105
283,JUJUY_EL CARMEN,"El Carmen, Jujuy",CAMBIEMOS,54.12,45.88,29605,25093,84.23,65873,55484,0.51,0.05,0.85,285,27,474
284,JUJUY_DOCTOR MANUEL BELGRANO,"General Belgrano, Jujuy",CAMBIEMOS,58.9,41.1,91999,64195,82.04,194134,159264,0.69,0.07,1.16,1102,117,1851
285,JUJUY_HUMAHUACA,"Humahuaca, Jujuy",FRENTE PARA LA VICTORIA,43.44,56.56,4539,5910,74.79,14244,10653,0.32,0.08,1.52,34,8,162
286,JUJUY_LEDESMA,"Ledesma, Jujuy",FRENTE PARA LA VICTORIA,47.73,52.27,22583,24734,79.21,60697,48078,0.47,0.09,1.02,228,44,489
287,JUJUY_PALPALA,"Palpala, Jujuy",CAMBIEMOS,57.22,42.78,19019,14221,84.41,40017,33780,0.51,0.03,1.05,173,11,356
288,JUJUY_RINCONADA,"Rinconada, Jujuy",FRENTE PARA LA VICTORIA,31.76,68.24,297,638,60.71,1573,955,0.63,0,1.47,6,0,14
289,JUJUY_SAN ANTONIO,"San Antonio, Jujuy",FRENTE PARA LA VICTORIA,45.03,54.97,1310,1599,85.1,3476,2958,0.57,0.34,0.74,17,10,22
290,JUJUY_SAN PEDRO,"San Pedro, Jujuy",FRENTE PARA LA VICTORIA,48.62,51.38,22412,23686,80.88,57873,46807,0.49,0.03,0.99,228,16,465
291,JUJUY_SANTA BARBARA,"Santa Barbara, Jujuy",FRENTE PARA LA VICTORIA,39.93,60.07,4274,6431,77.17,14022,10821,0.2,0.04,0.83,22,4,90
292,JUJUY_SANTA CATALINA,"Santa Catalina, Jujuy",FRENTE PARA LA VICTORIA,32.39,67.61,604,1261,66.46,2841,1888,0.16,0.11,0.95,3,2,18
293,JUJUY_SUSQUES,"Susques, Jujuy",FRENTE PARA LA VICTORIA,34.34,65.66,716,1369,72.74,2924,2127,0.28,0.05,1.65,6,1,35
294,JUJUY_TILCARA,"Tilcara, Jujuy",FRENTE PARA LA VICTORIA,42.96,57.04,3193,4239,79.92,9460,7560,0.69,0.09,0.91,52,7,69
295,JUJUY_TUMBAYA,"Tumbaya, Jujuy",FRENTE PARA LA VICTORIA,42.54,57.46,1442,1948,78.87,4353,3433,0.32,0,0.93,11,0,32
296,JUJUY_YAVI,"Yavi, Jujuy",FRENTE PARA LA VICTORIA,39.6,60.4,4434,6763,70.32,16244,11422,0.43,0.01,1.53,49,1,175
297,LA PAMPA_ATREUCO,"Atreuco, La Pampa",CAMBIEMOS,55.22,44.78,4051,3285,81.75,9156,7485,0.8,0,1.19,60,0,89
298,LA PAMPA_CALEU CALEU,"Caleu Caleu, La Pampa",FRENTE PARA LA VICTORIA,31.07,68.93,420,932,80.16,1724,1382,0.65,0,1.52,9,0,21
299,LA PAMPA_CAPITAL,"Capital, La Pampa",FRENTE PARA LA VICTORIA,47.73,52.27,33123,36270,78.84,90372,71247,0.99,0.07,1.54,706,48,1100
300,LA PAMPA_CATRILO,"Catrilo, La Pampa",CAMBIEMOS,54.49,45.51,2723,2274,83.39,6098,5085,0.81,0,0.92,41,0,47
301,LA PAMPA_CHALILEO,"Chalileo, La Pampa",FRENTE PARA LA VICTORIA,33.89,66.11,627,1223,76.46,2451,1874,0.64,0,0.64,12,0,12
302,LA PAMPA_CHAPALEUFU,"Chapaleufu, La Pampa",CAMBIEMOS,54.54,45.46,4402,3669,81.16,10114,8209,0.78,0,0.9,64,0,74
303,LA PAMPA_CHICAL CO,"Chical-Co, La Pampa",FRENTE PARA LA VICTORIA,34.99,65.01,302,561,72.8,1202,875,0.57,0,0.8,5,0,7
304,LA PAMPA_CONHELO,"Conhelo, La Pampa",FRENTE PARA LA VICTORIA,47.88,52.12,4543,4946,80.5,12025,9680,0.93,0.03,1.01,90,3,98
305,LA PAMPA_CURACO,"Curaco, La Pampa",FRENTE PARA LA VICTORIA,35.95,64.05,211,376,76.53,784,600,0.5,0,1.67,3,0,10
306,LA PAMPA_GUATRACHE,"Guatrache, La Pampa",CAMBIEMOS,64.12,35.88,3619,2025,77.53,7449,5775,1.39,0,0.88,80,0,51
307,LA PAMPA_HUCAL,"Hucal, La Pampa",CAMBIEMOS,61.08,38.92,3387,2158,81.45,6987,5691,1.58,0,0.98,90,0,56
308,LA PAMPA_LIHUEL CALEL,"Lihuel Calel, La Pampa",FRENTE PARA LA VICTORIA,36.53,63.47,61,106,66.8,250,167,0,0,0,0,0,0
309,LA PAMPA_LIMAY MAHUIDA,"Limay Mahuida, La Pampa",CAMBIEMOS,52.1,47.9,161,148,67.61,460,311,0.64,0,0,2,0,0
310,LA PAMPA_LOVENTUE,"Loventue, La Pampa",FRENTE PARA LA VICTORIA,45.13,54.87,2625,3192,77.16,7645,5899,0.61,0,0.78,36,0,46
311,LA PAMPA_MARACO,"Maraco, La Pampa",CAMBIEMOS,53.33,46.67,20805,18210,80.42,50002,40210,1.04,0.04,1.89,419,15,761
312,LA PAMPA_PUELEN,"Puelen, La Pampa",FRENTE PARA LA VICTORIA,47.18,52.82,2646,2962,76.57,7549,5780,0.92,0.05,2.01,53,3,116
313,LA PAMPA_QUEMU QUEMU,"Quemu Quemu, La Pampa",CAMBIEMOS,58.73,41.27,3456,2429,80.67,7446,6007,1.27,0,0.77,76,0,46
314,LA PAMPA_RANCUL,"Rancul, La Pampa",CAMBIEMOS,50.19,49.81,3441,3415,77.27,9011,6963,0.8,0.06,0.67,56,4,47
315,LA PAMPA_REALICO,"Realico, La Pampa",CAMBIEMOS,54.08,45.92,6000,5094,80.27,14119,11333,1.07,0,1.04,121,0,118
316,LA PAMPA_TOAY,"Toay, La Pampa",FRENTE PARA LA VICTORIA,47.39,52.61,4022,4465,79.63,10874,8659,0.68,0.01,1.29,59,1,112
317,LA PAMPA_TRENEL,"Trenel, La Pampa",FRENTE PARA LA VICTORIA,44.77,55.23,1668,2058,80.57,4705,3791,0.98,0,0.74,37,0,28
318,LA PAMPA_UTRACAN,"Utracan, La Pampa",CAMBIEMOS,57.03,42.97,5595,4215,76.22,13158,10029,0.72,0.11,1.36,72,11,136
319,LA RIOJA_ARAUCO,"Arauco, La Rioja",FRENTE PARA LA VICTORIA,46.81,53.19,4114,4675,75.76,11870,8993,1.12,0.06,1.09,101,5,98
320,LA RIOJA_CAPITAL,"Capital, La Rioja",CAMBIEMOS,61.74,38.26,67024,41533,78.24,141668,110842,0.89,0.03,1.14,990,32,1263
321,LA RIOJA_CASTRO BARROS,"Castro Barros, La Rioja",FRENTE PARA LA VICTORIA,45.34,54.66,1551,1870,80.9,4387,3549,2.25,0.45,0.9,80,16,32
322,LA RIOJA_CHAMICAL,"Chamical, La Rioja",CAMBIEMOS,54.6,45.4,4628,3848,74.13,11647,8634,1.16,0.02,0.65,100,2,56
323,LA RIOJA_CHILECITO,"Chilecito, La Rioja",CAMBIEMOS,62.39,37.61,17779,10719,77.74,37552,29194,1.61,0.01,0.76,471,3,222
324,LA RIOJA_FAMATINA,"Famatina, La Rioja",CAMBIEMOS,54.18,45.82,2202,1862,81.11,5099,4136,1.35,0,0.39,56,0,16
325,LA RIOJA_CORONEL FELIPE VARELA,"Felipe Varela, La Rioja",FRENTE PARA LA VICTORIA,44.43,55.57,2962,3704,78.4,8699,6820,1.6,0.01,0.65,109,1,44
326,LA RIOJA_GENERAL ANGEL V. PEÑALOZA,"General Angel V. Peñaloza, La Rioja",FRENTE PARA LA VICTORIA,37.81,62.19,684,1125,74.14,2486,1843,1.09,0,0.76,20,0,14
327,LA RIOJA_GENERAL BELGRANO,"General Belgrano, La Rioja",CAMBIEMOS,55.65,44.35,2438,1943,70.4,6337,4461,1.12,0,0.67,50,0,30
328,LA RIOJA_GENERAL LAMADRID,"General Lamadrid, La Rioja",FRENTE PARA LA VICTORIA,41.19,58.81,549,784,80.89,1664,1346,0.3,0,0.67,4,0,9
329,LA RIOJA_GENERAL OCAMPO,"General Ocampo, La Rioja",FRENTE PARA LA VICTORIA,33.59,66.41,1451,2869,74.35,5890,4379,0.71,0.02,0.62,31,1,27
330,LA RIOJA_GENERAL SAN MARTIN,"General San Martin, La Rioja",FRENTE PARA LA VICTORIA,41.72,58.28,1179,1647,74.08,3897,2887,1.11,0,1,32,0,29
331,LA RIOJA_INDEPENDENCIA,"Independencia, La Rioja",FRENTE PARA LA VICTORIA,38.66,61.34,576,914,76.84,1965,1510,1.19,0,0.13,18,0,2
332,LA RIOJA_GENERAL JUAN F. QUIROGA,"Juan Facundo Quiroga, La Rioja",FRENTE PARA LA VICTORIA,38.53,61.47,952,1519,73.66,3428,2525,1.19,0,0.95,30,0,24
333,LA RIOJA_ROSARIO VERA PEÑALOZA,"Rosario Vera Peñaloza, La Rioja",FRENTE PARA LA VICTORIA,36.96,63.04,3099,5286,70.97,12032,8539,0.98,0.11,0.71,84,9,61
334,LA RIOJA_SAN BLAS DE LOS SAUCES,"San Blas De Los Sauces, La Rioja",FRENTE PARA LA VICTORIA,47.54,52.46,1169,1290,78.07,3210,2506,0.72,0.04,1.12,18,1,28
335,LA RIOJA_SANAGASTA,"Sanagasta, La Rioja",FRENTE PARA LA VICTORIA,47.65,52.35,1087,1194,85.01,2721,2313,0.43,0,0.95,10,0,22
336,LA RIOJA_VINCHINA,"Vinchina, La Rioja",FRENTE PARA LA VICTORIA,39.06,60.94,648,1011,68.75,2451,1685,1.54,0,0,26,0,0
337,MENDOZA_CAPITAL,"Capital, Mendoza",CAMBIEMOS,70.05,29.95,52932,22635,78.34,99182,77703,1.12,0.04,1.59,870,34,1232
338,MENDOZA_GENERAL ALVEAR,"General Alvear, Mendoza",FRENTE PARA LA VICTORIA,49.95,50.05,14643,14675,81.39,36919,30048,0.98,0.08,1.38,293,23,414
339,MENDOZA_GODOY CRUZ,"Godoy Cruz, Mendoza",CAMBIEMOS,65.16,34.84,78906,42195,80.57,154858,124769,1.01,0.08,1.85,1262,96,2310
340,MENDOZA_GUAYMALLEN,"Guaymallen, Mendoza",CAMBIEMOS,61.85,38.15,106588,65738,81.43,218078,177578,0.94,0.06,1.95,1667,114,3471
341,MENDOZA_JUNIN,"Junin, Mendoza",CAMBIEMOS,60.1,39.9,15897,10552,84.06,32503,27322,1.3,0.03,1.87,354,7,512
342,MENDOZA_LA PAZ,"La Paz, Mendoza",CAMBIEMOS,52.3,47.7,3746,3416,84.77,8591,7283,0.54,0.01,1.11,39,1,81
343,MENDOZA_LAS HERAS,"Las Heras, Mendoza",CAMBIEMOS,54.54,45.46,65813,54856,81.45,152957,124583,1.01,0.08,2.05,1258,104,2552
344,MENDOZA_LAVALLE,"Lavalle, Mendoza",FRENTE PARA LA VICTORIA,40.24,59.76,10143,15066,84.65,30417,25749,0.91,0.03,1.15,235,8,297
345,MENDOZA_LUJAN DE CUYO,"Lujan, Mendoza",CAMBIEMOS,61.38,38.62,48155,30301,84.16,96021,80813,0.9,0.05,1.97,726,41,1590
346,MENDOZA_MAIPU,"Maipu, Mendoza",CAMBIEMOS,54.68,45.32,59431,49250,84.03,133498,112173,1.11,0.07,1.93,1246,83,2163
347,MENDOZA_MALARGÜE,"Malargüe, Mendoza",FRENTE PARA LA VICTORIA,47.83,52.17,8006,8732,77.22,22320,17235,1.8,0.05,1.03,311,8,178
348,MENDOZA_RIVADAVIA,"Rivadavia, Mendoza",CAMBIEMOS,57.53,42.47,20227,14935,83.74,43120,36108,1.1,0.08,1.43,398,30,518
349,MENDOZA_SAN CARLOS,"San Carlos, Mendoza",CAMBIEMOS,56.4,43.6,11677,9027,84.27,25142,21187,0.99,0.03,1.26,209,7,267
350,MENDOZA_SAN MARTIN,"San Martin, Mendoza",CAMBIEMOS,52.98,47.02,39219,34809,83.21,91278,75949,0.98,0.06,1.49,742,49,1130
351,MENDOZA_SAN RAFAEL,"San Rafael, Mendoza",CAMBIEMOS,50.3,49.7,57201,56527,82.01,142559,116910,1.1,0.07,1.55,1287,80,1815
352,MENDOZA_SANTA ROSA,"Santa Rosa, Mendoza",FRENTE PARA LA VICTORIA,44.81,55.19,4994,6150,85.77,13182,11306,0.84,0,0.59,95,0,67
353,MENDOZA_TUNUYAN,"Tunuyan, Mendoza",CAMBIEMOS,55.39,44.61,17273,13910,83.86,38057,31915,0.88,0.06,1.35,281,19,432
354,MENDOZA_TUPUNGATO,"Tupungato, Mendoza",CAMBIEMOS,53.19,46.81,10270,9038,83.44,23667,19747,0.67,0.09,1.46,133,17,289
355,MISIONES_25 DE MAYO,"25 De Mayo, Misiones",FRENTE PARA LA VICTORIA,29.71,70.29,4872,11527,79.38,20829,16534,0.66,0.01,0.15,109,1,25
356,MISIONES_APOSTOLES,"Apostoles, Misiones",FRENTE PARA LA VICTORIA,43.66,56.34,11179,14424,80.05,32511,26024,0.75,0,0.87,194,1,226
357,MISIONES_CAINGUAS,"Cainguas, Misiones",FRENTE PARA LA VICTORIA,28.3,71.7,9232,23388,81.65,40661,33201,1.27,0.01,0.47,421,4,156
358,MISIONES_CANDELARIA,"Candelaria, Misiones",FRENTE PARA LA VICTORIA,36.34,63.66,6146,10767,79.59,21527,17133,0.55,0.1,0.64,94,17,109
359,MISIONES_CAPITAL,"Capital, Misiones",CAMBIEMOS,52.92,47.08,108644,96643,80.12,260261,208523,0.53,0.02,1,1096,50,2090
360,MISIONES_CONCEPCION,"Concepcion De La Sierra, Misiones",FRENTE PARA LA VICTORIA,34.85,65.15,1938,3623,78.34,7176,5622,0.75,0,0.34,42,0,19
361,MISIONES_ELDORADO,"El Dorado, Misiones",FRENTE PARA LA VICTORIA,41.53,58.47,19446,27382,80.96,58887,47677,0.53,0.22,1.03,255,104,490
362,MISIONES_GENERAL MANUEL BELGRANO,"Gral. Manuel Belgrano, Misiones",FRENTE PARA LA VICTORIA,27.99,72.01,6510,16750,74.18,31684,23503,0.56,0.02,0.46,131,5,107
363,MISIONES_GUARANI,"Guarani, Misiones",FRENTE PARA LA VICTORIA,30.69,69.31,11479,25926,78.69,48184,37916,0.81,0.01,0.53,307,4,200
364,MISIONES_IGUAZU,"Iguazu, Misiones",FRENTE PARA LA VICTORIA,43.45,56.55,20991,27323,78.04,62775,48988,0.46,0.01,0.91,225,4,445
365,MISIONES_LIBERTADOR GENERAL SAN MARTIN,"L. General San Martin, Misiones",FRENTE PARA LA VICTORIA,44.13,55.87,12270,15535,81.3,34744,28246,1.01,0.02,0.53,285,5,151
366,MISIONES_LEANDRO N. ALEM,"Leandro N. Alem, Misiones",FRENTE PARA LA VICTORIA,39.92,60.08,12217,18388,83.94,37108,31150,0.99,0.04,0.73,308,11,226
367,MISIONES_MONTECARLO,"Montecarlo, Misiones",FRENTE PARA LA VICTORIA,42.64,57.36,9013,12123,79.09,26991,21347,0.47,0.01,0.51,100,3,108
368,MISIONES_OBERA,"Obera, Misiones",FRENTE PARA LA VICTORIA,39.41,60.59,25505,39215,80.95,81022,65589,0.61,0.01,0.7,402,5,462
369,MISIONES_SAN IGNACIO,"San Ignacio, Misiones",FRENTE PARA LA VICTORIA,34.16,65.84,11708,22564,80.06,43257,34630,0.55,0.02,0.46,192,6,160
370,MISIONES_SAN JAVIER,"San Javier, Misiones",FRENTE PARA LA VICTORIA,34.16,65.84,4200,8094,77.88,16001,12462,0.67,0.01,0.67,84,1,83
371,MISIONES_SAN PEDRO,"San Pedro, Misiones",FRENTE PARA LA VICTORIA,20.77,79.23,2958,11282,78.5,18314,14377,0.78,0,0.17,112,0,25
372,NEUQUEN_ALUMINE,"Alumine, Neuquen",FRENTE PARA LA VICTORIA,42.35,57.65,2125,2893,80.86,6453,5218,1.23,0.06,2.55,64,3,133
373,NEUQUEN_AÑELO,"Añelo, Neuquen",FRENTE PARA LA VICTORIA,35.79,64.21,2808,5038,78.28,10442,8174,1.02,0,3,83,0,245
374,NEUQUEN_CATAN LIL,"Catan Lil, Neuquen",FRENTE PARA LA VICTORIA,21.32,78.68,256,945,78.8,1566,1234,0.81,0.32,1.54,10,4,19
375,NEUQUEN_CHOS MALAL,"Chos Malal, Neuquen",FRENTE PARA LA VICTORIA,40.47,59.53,3859,5677,79.76,12359,9857,1.14,0.03,2.09,112,3,206
376,NEUQUEN_COLLON CURA,"Collon Cura, Neuquen",FRENTE PARA LA VICTORIA,36.72,63.28,1125,1939,80.94,3887,3146,0.64,0.03,1.94,20,1,61
377,NEUQUEN_CONFLUENCIA,"Confluencia, Neuquen",FRENTE PARA LA VICTORIA,46.91,53.09,118259,133836,84.83,308798,261938,1.22,0.05,2.49,3188,121,6534
378,NEUQUEN_HUILICHES,"Huiliches, Neuquen",FRENTE PARA LA VICTORIA,48.24,51.76,4861,5215,81.79,12863,10521,1.37,0,2.86,144,0,301
379,NEUQUEN_LACAR,"Lacar, Neuquen",CAMBIEMOS,58.23,41.77,11326,8123,78.66,25955,20417,1.24,0.02,3.47,254,5,709
380,NEUQUEN_LONCOPUE,"Loncopue, Neuquen",FRENTE PARA LA VICTORIA,42.55,57.45,1864,2517,83.95,5440,4567,1.18,0,2.89,54,0,132
381,NEUQUEN_LOS LAGOS,"Los Lagos, Neuquen",CAMBIEMOS,58.01,41.99,4247,3074,77.16,9848,7599,1.17,0.05,2.43,89,4,185
382,NEUQUEN_MINAS,"Minas, Neuquen",FRENTE PARA LA VICTORIA,34.29,65.71,1753,3360,81.06,6540,5301,1.23,0.02,2.3,65,1,122
383,NEUQUEN_PEHUENCHES,"Pehuenches, Neuquen",CAMBIEMOS,52.41,47.59,7781,7065,77.53,19715,15285,0.67,0.03,2.17,103,5,331
384,NEUQUEN_PICUN LEUFU,"Picun Leufu, Neuquen",FRENTE PARA LA VICTORIA,35.55,64.45,1131,2050,84.32,3878,3270,0.52,0.09,2.11,17,3,69
385,NEUQUEN_PICUNCHES,"Picunches, Neuquen",FRENTE PARA LA VICTORIA,48.62,51.38,2111,2231,80.03,5557,4447,0.9,0.02,1.44,40,1,64
386,NEUQUEN_ZAPALA,"Zapala, Neuquen",CAMBIEMOS,50.02,49.98,12690,12679,83.6,31336,26196,0.87,0.06,2.23,228,15,584
387,NEUQUEN_ÑORQUIN,"Ñorquin, Neuquen",FRENTE PARA LA VICTORIA,34.09,65.91,1154,2231,81.48,4281,3488,1.09,0,1.86,38,0,65
388,RIO NEGRO_25 DE MAYO,"25 De Mayo, Rio Negro",FRENTE PARA LA VICTORIA,22.65,77.35,1957,6683,72.91,12073,8803,0.62,0.01,1.22,55,1,107
389,RIO NEGRO_ADOLFO ALSINA,"Adolfo Alsina, Rio Negro",FRENTE PARA LA VICTORIA,39.69,60.31,15822,24042,79.39,51654,41009,0.83,0.03,1.93,341,13,791
390,RIO NEGRO_AVELLANEDA,"Avellaneda, Rio Negro",FRENTE PARA LA VICTORIA,36.12,63.88,7795,13783,79.91,27762,22184,0.76,0,1.97,168,1,437
391,RIO NEGRO_BARILOCHE,"Bariloche, Rio Negro",FRENTE PARA LA VICTORIA,38.6,61.4,31362,49880,77.43,108491,84009,1.16,0.04,2.1,972,35,1760
392,RIO NEGRO_CONESA,"Conesa, Rio Negro",FRENTE PARA LA VICTORIA,36.14,63.86,1497,2645,76.14,5562,4235,0.61,0,1.58,26,0,67
393,RIO NEGRO_EL CUY,"El Cuy, Rio Negro",FRENTE PARA LA VICTORIA,23.52,76.48,527,1714,75.86,3028,2297,1.31,0.17,0.96,30,4,22
394,RIO NEGRO_GENERAL ROCA,"General Roca, Rio Negro",FRENTE PARA LA VICTORIA,37.76,62.24,75843,124988,82.7,250689,207316,0.97,0.03,2.12,2020,61,4404
395,RIO NEGRO_9 DE JULIO,"Nueve De Julio, Rio Negro",FRENTE PARA LA VICTORIA,20.34,79.66,434,1700,71.37,3032,2164,0.55,0,0.83,12,0,18
396,RIO NEGRO_PICHI MAHUIDA,"Pichi Mahuida, Rio Negro",FRENTE PARA LA VICTORIA,37.35,62.65,3466,5815,79.78,11950,9534,1.19,0,1.47,113,0,140
397,RIO NEGRO_PILCANIYEU,"Pilcaniyeu, Rio Negro",FRENTE PARA LA VICTORIA,35.87,64.13,1813,3242,78.18,6628,5182,0.75,0,1.7,39,0,88
398,RIO NEGRO_SAN ANTONIO,"San Antonio Oeste, Rio Negro",FRENTE PARA LA VICTORIA,32.95,67.05,6356,12936,77.26,25604,19782,1.05,0.01,1.42,207,2,281
399,RIO NEGRO_VALCHETA,"Valcheta, Rio Negro",FRENTE PARA LA VICTORIA,30.55,69.45,877,1994,71.34,4097,2923,0.55,0,1.23,16,0,36
400,RIO NEGRO_ÑORQUINCO,"Ñorquinco, Rio Negro",FRENTE PARA LA VICTORIA,14.98,85.02,127,721,65.48,1324,867,1.04,0,1.15,9,0,10
401,SALTA_ANTA,"Anta, Salta",FRENTE PARA LA VICTORIA,33.63,66.37,11290,22278,74.16,45752,33930,0.57,0.08,0.41,194,28,140
402,SALTA_CACHI,"Cachi, Salta",FRENTE PARA LA VICTORIA,43.81,56.19,2053,2633,73.55,6481,4767,0.73,0.17,0.8,35,8,38
403,SALTA_CAFAYATE,"Cafayate, Salta",FRENTE PARA LA VICTORIA,33.52,66.48,3065,6079,78.52,11841,9297,0.59,0.14,0.91,55,13,85
404,SALTA_CAPITAL,"Capital, Salta",CAMBIEMOS,54.27,45.73,172449,145286,80.34,404948,325336,0.87,0.12,1.35,2822,393,4386
405,SALTA_CERRILLOS,"Cerrillos, Salta",FRENTE PARA LA VICTORIA,47.72,52.28,11315,12398,83.17,29002,24121,0.65,0.21,0.83,156,51,201
406,SALTA_CHICOANA,"Chicoana, Salta",FRENTE PARA LA VICTORIA,45.99,54.01,6069,7127,81.53,16401,13371,0.51,0.04,0.76,68,6,101
407,SALTA_GENERAL GUEMES,"General Guemes, Salta",FRENTE PARA LA VICTORIA,38.32,61.68,10789,17364,79.18,36200,28662,0.6,0.06,1.12,171,18,320
408,SALTA_GUACHIPAS,"Guachipas, Salta",FRENTE PARA LA VICTORIA,48.93,51.07,938,979,80.04,2435,1949,0.87,0.05,0.72,17,1,14
409,SALTA_IRUYA,"Iruya, Salta",FRENTE PARA LA VICTORIA,24.89,75.11,274,827,73.02,1527,1115,0.27,0,0.99,3,0,11
410,SALTA_LA CALDERA,"La Caldera, Salta",CAMBIEMOS,53.86,46.14,4225,3619,82.62,9681,7998,1,0.05,0.88,80,4,70
411,SALTA_LA CANDELARIA,"La Candelaria, Salta",FRENTE PARA LA VICTORIA,38.35,61.65,1587,2551,79.16,5282,4181,0.5,0,0.53,21,0,22
412,SALTA_LA POMA,"La Poma, Salta",FRENTE PARA LA VICTORIA,38.65,61.35,383,608,74.78,1364,1020,0.88,0.1,1.86,9,1,19
413,SALTA_LA VIÑA,"La Viña, Salta",FRENTE PARA LA VICTORIA,44.58,55.42,2284,2839,78.11,6661,5203,0.73,0,0.81,38,0,42
414,SALTA_LOS ANDES,"Los Andes, Salta",FRENTE PARA LA VICTORIA,36.44,63.56,1372,2393,74.14,5197,3853,0.93,0.03,1.32,36,1,51
415,SALTA_METAN,"Metan, Salta",FRENTE PARA LA VICTORIA,47.24,52.76,11432,12767,75.84,32423,24591,0.69,0.04,0.86,170,11,211
416,SALTA_MOLINOS,"Molinos, Salta",FRENTE PARA LA VICTORIA,34.74,65.26,1112,2089,73.73,4382,3231,0.4,0,0.53,13,0,17
417,SALTA_ORAN,"Oran, Salta",FRENTE PARA LA VICTORIA,41.19,58.81,30606,43691,71.19,106110,75535,0.84,0.06,0.73,636,47,555
418,SALTA_ROSARIO DE LA FRONTERA,"Rosario De La Frontera, Salta",FRENTE PARA LA VICTORIA,39.29,60.71,7166,11072,77.34,23985,18550,0.84,0.06,0.79,155,11,146
419,SALTA_ROSARIO DE LERMA,"Rosario De Lerma, Salta",FRENTE PARA LA VICTORIA,48.67,51.33,11906,12557,80.99,30771,24921,0.59,0.15,1.1,147,37,274
420,SALTA_SAN CARLOS,"San Carlos, Salta",FRENTE PARA LA VICTORIA,30.45,69.55,1111,2538,73.88,5003,3696,0.62,0.03,0.62,23,1,23
421,SALTA_GENERAL JOSE DE SAN MARTIN,"San Martin, Salta",FRENTE PARA LA VICTORIA,27.47,72.53,23518,62105,71.63,121026,86696,0.57,0.07,0.6,494,57,522
422,SAN JUAN_25 DE MAYO,"25 De Mayo, San Juan",FRENTE PARA LA VICTORIA,30.33,69.67,2906,6675,81.36,11870,9657,0.36,0.02,0.4,35,2,39
423,SAN JUAN_ALBARDON,"Albardon, San Juan",FRENTE PARA LA VICTORIA,32.6,67.4,5248,10852,86.44,18945,16376,0.73,0.07,0.89,119,11,146
424,SAN JUAN_ANGACO,"Angaco, San Juan",FRENTE PARA LA VICTORIA,36.35,63.65,2049,3588,83.6,6859,5734,0.61,0.1,0.98,35,6,56
425,SAN JUAN_CALINGASTA,"Calingasta, San Juan",FRENTE PARA LA VICTORIA,32.19,67.81,1818,3829,78.79,7356,5796,0.85,0,1.73,49,0,100
426,SAN JUAN_CAPITAL,"Capital, San Juan",CAMBIEMOS,57.68,42.32,42731,31355,81.23,93083,75614,0.84,0.08,1.1,636,62,830
427,SAN JUAN_CAUCETE,"Caucete, San Juan",FRENTE PARA LA VICTORIA,37.32,62.68,8225,13814,79.36,28263,22429,0.86,0.09,0.78,194,20,176
428,SAN JUAN_CHIMBAS,"Chimbas, San Juan",FRENTE PARA LA VICTORIA,31.08,68.92,15291,33914,84.47,59484,50249,0.7,0.09,1.29,352,45,647
429,SAN JUAN_IGLESIA,"Iglesia, San Juan",FRENTE PARA LA VICTORIA,39.43,60.57,2002,3075,79.31,6516,5168,0.83,0,0.93,43,0,48
430,SAN JUAN_JACHAL,"Jachal, San Juan",FRENTE PARA LA VICTORIA,31.74,68.26,4624,9943,82.46,18059,14892,0.84,0.01,1.33,125,2,198
431,SAN JUAN_9 DE JULIO,"Nueve De Julio, San Juan",FRENTE PARA LA VICTORIA,33.45,66.55,2286,4549,84.82,8267,7012,1.57,0.21,0.74,110,15,52
432,SAN JUAN_POCITO,"Pocito, San Juan",FRENTE PARA LA VICTORIA,29.39,70.61,8738,20993,83.65,36300,30364,0.92,0.04,1.12,280,13,340
433,SAN JUAN_RAWSON,"Rawson, San Juan",FRENTE PARA LA VICTORIA,37.62,62.38,27297,45255,82.49,89859,74121,0.72,0.06,1.35,530,41,998
434,SAN JUAN_RIVADAVIA,"Rivadavia, San Juan",FRENTE PARA LA VICTORIA,46.79,53.21,25581,29092,84.3,66201,55806,0.74,0.11,1.19,412,59,662
435,SAN JUAN_SAN MARTIN,"San Martin, San Juan",FRENTE PARA LA VICTORIA,31.83,68.17,2214,4742,85.3,8279,7062,0.68,0.04,0.78,48,3,55
436,SAN JUAN_SANTA LUCIA,"Santa Lucia, San Juan",FRENTE PARA LA VICTORIA,44.63,55.37,14477,17958,83.23,39763,33094,0.75,0.08,1.16,249,25,385
437,SAN JUAN_SARMIENTO,"Sarmiento, San Juan",FRENTE PARA LA VICTORIA,32.6,67.4,4379,9052,83.9,16270,13651,0.62,0.03,0.96,85,4,131
438,SAN JUAN_ULLUM,"Ullum, San Juan",FRENTE PARA LA VICTORIA,19.28,80.72,649,2718,87.86,3872,3402,0.47,0.09,0.47,16,3,16
439,SAN JUAN_VALLE FERTIL,"Valle Fertil, San Juan",FRENTE PARA LA VICTORIA,34,66,1573,3053,78.84,5935,4679,0.34,0,0.79,16,0,37
440,SAN JUAN_ZONDA,"Zonda, San Juan",FRENTE PARA LA VICTORIA,26.24,73.76,860,2418,83.81,3983,3338,0.48,0.03,1.29,16,1,43
441,SAN LUIS_AYACUCHO,"Ayacucho, San Luis",FRENTE PARA LA VICTORIA,46.25,53.75,5609,6518,75.78,16308,12359,0.78,0.01,1.08,97,1,134
442,SAN LUIS_BELGRANO,"Belgrano, San Luis",FRENTE PARA LA VICTORIA,47.24,52.76,1129,1261,76.62,3178,2435,0.7,0.04,1.11,17,1,27
443,SAN LUIS_CHACABUCO,"Chacabuco, San Luis",CAMBIEMOS,57.01,42.99,8176,6165,81.03,18108,14673,0.96,0.1,1.21,141,14,177
444,SAN LUIS_GOBERNADOR DUPUY,"Gobernador Dupuy, San Luis",CAMBIEMOS,60.04,39.96,4289,2854,76.21,9573,7296,1.37,0.11,0.62,100,8,45
445,SAN LUIS_JUNIN,"Junin, San Luis",CAMBIEMOS,58.62,41.38,11493,8114,79.98,25264,20205,1.47,0.01,1.47,298,3,297
446,SAN LUIS_GENERAL PEDERNERA,"Pedernera, San Luis",CAMBIEMOS,75.06,24.94,59342,19713,80.71,100915,81452,1.17,0.14,1.63,956,113,1328
447,SAN LUIS_CORONEL PRINGLES,"Pringles, San Luis",CAMBIEMOS,63.99,36.01,5831,3282,80.94,11554,9352,0.92,0.02,1.61,86,2,151
448,SAN LUIS_JUAN MARTIN DE PUEYRREDON,"Pueyrredon, San Luis",CAMBIEMOS,61.69,38.31,79646,49465,79.99,166376,133086,1.17,0.12,1.69,1561,161,2253
449,SAN LUIS_LIBERTADOR GENERAL SAN MARTIN,"San Martin, San Luis",CAMBIEMOS,50.93,49.07,1668,1607,79.51,4187,3329,0.93,0,0.69,31,0,23
450,SANTA CRUZ_CORPEN AIKE,"Corpen Aike, Santa Cruz",FRENTE PARA LA VICTORIA,36.65,63.35,2789,4820,73.94,10461,7735,0.57,0.01,1.05,44,1,81
451,SANTA CRUZ_DESEADO,"Deseado, Santa Cruz",FRENTE PARA LA VICTORIA,39.06,60.94,25548,39854,75.69,88385,66897,0.69,0.03,1.52,462,18,1015
452,SANTA CRUZ_GÜER AIKE,"Güer Aike, Santa Cruz",FRENTE PARA LA VICTORIA,47.02,52.98,34779,39189,76.68,98850,75801,0.74,0.03,1.66,558,19,1256
453,SANTA CRUZ_LAGO ARGENTINO,"Lago Argentino, Santa Cruz",FRENTE PARA LA VICTORIA,31.55,68.45,3761,8159,72.31,16964,12267,1.04,0.29,1.5,128,35,184
454,SANTA CRUZ_LAGO BUENOS AIRES,"Lago Buenos Aires, Santa Cruz",FRENTE PARA LA VICTORIA,33.26,66.74,1918,3849,68.71,8614,5919,0.69,0.03,1.84,41,2,109
455,SANTA CRUZ_MAGALLANES,"Magallanes, Santa Cruz",FRENTE PARA LA VICTORIA,42.98,57.02,2591,3437,71.51,8614,6160,0.84,0,1.3,52,0,80
456,SANTA CRUZ_RIO CHICO,"Rio Chico, Santa Cruz",FRENTE PARA LA VICTORIA,30.3,69.7,853,1962,72.24,3973,2870,0.8,0,1.11,23,0,32
457,SANTA FE_BELGRANO,"Belgrano, Santa Fe",CAMBIEMOS,66.43,33.57,19711,9963,80.65,37827,30508,2.18,0,0.55,666,0,168
458,SANTA FE_CASEROS,"Caseros, Santa Fe",CAMBIEMOS,67.24,32.76,37297,18171,80.71,71026,57325,1.89,0,1.34,1086,1,770
459,SANTA FE_CASTELLANOS,"Castellanos, Santa Fe",CAMBIEMOS,66.86,33.14,74784,37065,80.09,143375,114822,1.19,0.01,1.39,1371,9,1593
460,SANTA FE_CONSTITUCION,"Constitucion, Santa Fe",CAMBIEMOS,52.52,47.48,30653,27714,81.7,73536,60078,1.71,0.01,1.13,1026,8,677
461,SANTA FE_GARAY,"Garay, Santa Fe",FRENTE PARA LA VICTORIA,48.1,51.9,6303,6801,74.56,17986,13411,1.09,0.01,1.19,146,1,160
462,SANTA FE_GENERAL LOPEZ,"General Lopez, Santa Fe",CAMBIEMOS,62.21,37.79,77965,47355,79.03,162428,128362,1.37,0,0.99,1764,6,1272
463,SANTA FE_GENERAL OBLIGADO,"General Obligado, Santa Fe",CAMBIEMOS,52.6,47.4,57929,52212,79.03,141389,111733,0.55,0.01,0.86,614,14,964
464,SANTA FE_IRIONDO,"Iriondo, Santa Fe",CAMBIEMOS,57.61,42.39,25352,18652,79.36,57200,45395,2.21,0.01,0.85,1003,3,385
465,SANTA FE_LA CAPITAL,"La Capital, Santa Fe",CAMBIEMOS,53.83,46.17,169489,145369,76.81,423118,324990,1.24,0.04,1.84,4039,118,5975
466,SANTA FE_LAS COLONIAS,"Las Colonias, Santa Fe",CAMBIEMOS,70.06,29.94,47037,20099,80.99,85119,68934,1.28,0.01,1.32,881,6,911
467,SANTA FE_9 DE JULIO,"Nueve De Julio, Santa Fe",CAMBIEMOS,55.57,44.43,9979,7979,73.46,24760,18189,0.51,0.03,0.74,92,5,134
468,SANTA FE_ROSARIO,"Rosario, Santa Fe",CAMBIEMOS,51.85,48.15,399874,371311,78.61,1020070,801830,1.64,0.03,2.15,13131,276,17238
469,SANTA FE_SAN CRISTOBAL,"San Cristobal, Santa Fe",CAMBIEMOS,58.2,41.8,24701,17744,75.83,56947,43181,1,0,0.71,430,1,305
470,SANTA FE_SAN JAVIER,"San Javier, Santa Fe",CAMBIEMOS,50.68,49.32,9687,9426,76.09,25667,19529,0.93,0.01,1.19,182,1,233
471,SANTA FE_SAN JERONIMO,"San Jeronimo, Santa Fe",CAMBIEMOS,55.53,44.47,28563,22871,78.49,67202,52747,1.46,0.02,1.02,768,9,536
472,SANTA FE_SAN JUSTO,"San Justo, Santa Fe",CAMBIEMOS,61.8,38.2,16484,10187,77.01,35404,27266,1.12,0.01,1.05,305,3,287
473,SANTA FE_SAN LORENZO,"San Lorenzo, Santa Fe",CAMBIEMOS,53.37,46.63,58070,50738,81.22,138235,112277,1.49,0.02,1.58,1674,25,1770
474,SANTA FE_SAN MARTIN,"San Martin, Santa Fe",CAMBIEMOS,66.22,33.78,26960,13751,79.21,52801,41824,1.26,0,1.4,529,0,584
475,SANTA FE_VERA,"Vera, Santa Fe",CAMBIEMOS,50.22,49.78,15640,15502,73.61,42927,31599,0.71,0.01,0.72,224,4,229
476,SANTIAGO DEL ESTERO_AGUIRRE,"Aguirre, Santiago Del Estero",FRENTE PARA LA VICTORIA,45.14,54.86,2403,2920,81.12,6599,5353,0.34,0,0.22,18,0,12
477,SANTIAGO DEL ESTERO_ALBERDI,"Alberdi, Santiago Del Estero",FRENTE PARA LA VICTORIA,15.81,84.19,1487,7921,78.3,12060,9443,0.26,0,0.11,25,0,10
478,SANTIAGO DEL ESTERO_ATAMISQUI,"Atamisqui, Santiago Del Estero",FRENTE PARA LA VICTORIA,12.53,87.47,917,6399,77.9,9465,7373,0.43,0.01,0.33,32,1,24
479,SANTIAGO DEL ESTERO_AVELLANEDA,"Avellaneda, Santiago Del Estero",FRENTE PARA LA VICTORIA,17.53,82.47,2306,10851,77.93,16967,13222,0.37,0,0.12,49,0,16
480,SANTIAGO DEL ESTERO_BANDA,"Banda, Santiago Del Estero",FRENTE PARA LA VICTORIA,30.03,69.97,27267,63524,81,113661,92060,0.59,0.04,0.75,546,36,687
481,SANTIAGO DEL ESTERO_BELGRANO,"Belgrano, Santiago Del Estero",FRENTE PARA LA VICTORIA,48.65,51.35,2952,3116,82.55,7417,6123,0.49,0,0.41,30,0,25
482,SANTIAGO DEL ESTERO_CAPITAL,"Capital, Santiago Del Estero",FRENTE PARA LA VICTORIA,36.65,63.35,66424,114803,83.05,221647,184077,0.65,0.03,0.87,1194,60,1596
483,SANTIAGO DEL ESTERO_CHOYA,"Choya, Santiago Del Estero",FRENTE PARA LA VICTORIA,25.7,74.3,5865,16956,79.15,29292,23186,0.72,0.03,0.83,166,7,192
484,SANTIAGO DEL ESTERO_COPO,"Copo, Santiago Del Estero",FRENTE PARA LA VICTORIA,17.11,82.89,2646,12816,77.26,20156,15572,0.45,0,0.26,70,0,40
485,SANTIAGO DEL ESTERO_FIGUEROA,"Figueroa, Santiago Del Estero",FRENTE PARA LA VICTORIA,9.73,90.27,935,8677,73.89,13064,9653,0.19,0.03,0.21,18,3,20
486,SANTIAGO DEL ESTERO_GUASAYAN,"Guasayan, Santiago Del Estero",FRENTE PARA LA VICTORIA,14.3,85.7,745,4464,80.61,6512,5249,0.4,0.08,0.29,21,4,15
487,SANTIAGO DEL ESTERO_JIMENEZ,"Jimenez, Santiago Del Estero",FRENTE PARA LA VICTORIA,13.26,86.74,1133,7412,76.6,11218,8593,0.34,0.02,0.2,29,2,17
488,SANTIAGO DEL ESTERO_JUAN F. IBARRA,"Juan F. Ibarra, Santiago Del Estero",FRENTE PARA LA VICTORIA,18.68,81.32,1772,7713,78.63,12153,9556,0.48,0.05,0.21,46,5,20
489,SANTIAGO DEL ESTERO_LORETO,"Loreto, Santiago Del Estero",FRENTE PARA LA VICTORIA,25.76,74.24,3263,9405,77.5,16519,12802,0.52,0,0.53,66,0,68
490,SANTIAGO DEL ESTERO_MITRE,"Mitre, Santiago Del Estero",FRENTE PARA LA VICTORIA,37.8,62.2,316,520,72.84,1160,845,0.71,0,0.36,6,0,3
491,SANTIAGO DEL ESTERO_MORENO,"Moreno, Santiago Del Estero",FRENTE PARA LA VICTORIA,22.98,77.02,4445,14895,78.8,24731,19488,0.46,0.02,0.29,89,3,56
492,SANTIAGO DEL ESTERO_OJO DE AGUA,"Ojo De Agua, Santiago Del Estero",FRENTE PARA LA VICTORIA,25.92,74.08,2527,7221,78.1,12600,9841,0.4,0,0.55,39,0,54
493,SANTIAGO DEL ESTERO_PELLEGRINI,"Pellegrini, Santiago Del Estero",FRENTE PARA LA VICTORIA,16.51,83.49,2065,10442,78.04,16087,12554,0.14,0.04,0.2,17,5,25
494,SANTIAGO DEL ESTERO_QUEBRACHOS,"Quebrachos, Santiago Del Estero",FRENTE PARA LA VICTORIA,29.46,70.54,1736,4157,75.35,7915,5964,0.7,0,0.49,42,0,29
495,SANTIAGO DEL ESTERO_RIO HONDO,"Rio Hondo, Santiago Del Estero",FRENTE PARA LA VICTORIA,18.94,81.06,6429,27523,78.28,43960,34412,0.5,0.04,0.8,172,13,275
496,SANTIAGO DEL ESTERO_RIVADAVIA,"Rivadavia, Santiago Del Estero",CAMBIEMOS,51.97,48.03,1674,1547,81.93,3963,3247,0.65,0.06,0.09,21,2,3
497,SANTIAGO DEL ESTERO_ROBLES,"Robles, Santiago Del Estero",FRENTE PARA LA VICTORIA,24.15,75.85,6617,20784,79.4,34867,27684,0.58,0.01,0.43,161,2,120
498,SANTIAGO DEL ESTERO_SALAVINA,"Salavina, Santiago Del Estero",FRENTE PARA LA VICTORIA,14.98,85.02,902,5119,73.2,8288,6067,0.46,0,0.3,28,0,18
499,SANTIAGO DEL ESTERO_SAN MARTIN,"San Martin, Santiago Del Estero",FRENTE PARA LA VICTORIA,12.78,87.22,683,4660,77.76,6896,5362,0.19,0,0.17,10,0,9
500,SANTIAGO DEL ESTERO_SARMIENTO,"Sarmiento, Santiago Del Estero",FRENTE PARA LA VICTORIA,15.81,84.19,368,1960,77.31,3041,2351,0.81,0,0.17,19,0,4
501,SANTIAGO DEL ESTERO_SILIPICA,"Silipica, Santiago Del Estero",FRENTE PARA LA VICTORIA,13.47,86.53,700,4496,77.53,6756,5238,0.61,0,0.19,32,0,10
502,SANTIAGO DEL ESTERO_GENERAL TABOADA,"Taboada, Santiago Del Estero",FRENTE PARA LA VICTORIA,24.61,75.39,6165,18888,81.16,31184,25310,0.59,0.03,0.4,149,8,100
503,TIERRA DEL FUEGO_ANTARTIDA ARGENTINA,"Antartida Argentina, Tierra Del Fuego",CAMBIEMOS,83.56,16.44,183,36,57.29,384,220,0.45,0,0,1,0,0
504,TIERRA DEL FUEGO_RIO GRANDE,"Rio Grande, Tierra Del Fuego",FRENTE PARA LA VICTORIA,36.81,63.19,19593,33638,76.96,71426,54973,0.92,0.03,2.22,506,18,1218
505,TIERRA DEL FUEGO_USHUAIA,"Ushuaia, Tierra Del Fuego",FRENTE PARA LA VICTORIA,47.08,52.92,18556,20855,73.58,55265,40664,0.66,0.06,2.36,270,25,958
506,TUCUMAN_JUAN BAUTISTA ALBERDI,"Alberdi, Tucuman",FRENTE PARA LA VICTORIA,35.65,64.35,6977,12592,83.26,23747,19772,0.34,0.04,0.65,67,7,129
507,TUCUMAN_BURRUYACU,"Burruyacu, Tucuman",FRENTE PARA LA VICTORIA,23.96,76.04,6321,20059,82.23,32349,26600,0.38,0.03,0.42,100,8,112
508,TUCUMAN_CAPITAL,"Capital, Tucuman",CAMBIEMOS,52.25,47.75,183504,167721,81.84,438056,358500,0.88,0.08,1.08,3146,272,3857
509,TUCUMAN_CHICLIGASTA,"Chicligasta, Tucuman",FRENTE PARA LA VICTORIA,36.04,63.96,18869,33488,84.45,62769,53009,0.4,0.05,0.78,211,26,415
510,TUCUMAN_CRUZ ALTA,"Cruz Alta, Tucuman",FRENTE PARA LA VICTORIA,32.16,67.84,39351,83022,84.63,146500,123978,0.55,0.07,0.68,677,83,845
511,TUCUMAN_FAMAILLA,"Famailla, Tucuman",FRENTE PARA LA VICTORIA,32.69,67.31,7215,14853,81.02,27736,22471,0.84,0.08,0.88,189,17,197
512,TUCUMAN_GRANEROS,"Graneros, Tucuman",FRENTE PARA LA VICTORIA,21.17,78.83,1911,7114,82.41,11018,9080,0.41,0.01,0.19,37,1,17
513,TUCUMAN_LA COCHA,"La Cocha, Tucuman",FRENTE PARA LA VICTORIA,30.71,69.29,3919,8843,84.87,15189,12891,0.26,0.03,0.71,34,4,91
514,TUCUMAN_LEALES,"Leales, Tucuman",FRENTE PARA LA VICTORIA,26.72,73.28,10083,27659,84.34,45258,38170,0.41,0.04,0.68,155,14,259
515,TUCUMAN_LULES,"Lules, Tucuman",FRENTE PARA LA VICTORIA,40.33,59.67,16441,24324,84.98,48711,41397,0.53,0.04,0.96,220,16,396
516,TUCUMAN_MONTEROS,"Monteros, Tucuman",FRENTE PARA LA VICTORIA,27.96,72.04,12035,31005,85.09,50997,43394,0.35,0.05,0.41,152,23,179
517,TUCUMAN_RIO CHICO,"Rio Chico, Tucuman",FRENTE PARA LA VICTORIA,29.11,70.89,11277,27461,85.09,45942,39093,0.39,0.04,0.48,153,16,186
518,TUCUMAN_SIMOCA,"Simoca, Tucuman",FRENTE PARA LA VICTORIA,25.51,74.49,5643,16474,82.64,26944,22266,0.26,0.02,0.38,59,5,85
519,TUCUMAN_TAFI DEL VALLE,"Tafi Del Valle, Tucuman",FRENTE PARA LA VICTORIA,27.07,72.93,2803,7553,82.45,12777,10534,0.69,0.03,0.97,73,3,102
520,TUCUMAN_TAFI VIEJO,"Tafi Viejo, Tucuman",FRENTE PARA LA VICTORIA,42.76,57.24,35897,48051,85.02,100777,85683,0.73,0.1,1.19,628,85,1022
521,TUCUMAN_TRANCAS,"Trancas, Tucuman",FRENTE PARA LA VICTORIA,35.58,64.42,3964,7176,81.98,13816,11327,0.41,0.04,1.2,47,4,136
522,TUCUMAN_YERBA BUENA,"Yerba Buena, Tucuman",CAMBIEMOS,55.43,44.57,31349,25207,86.16,66767,57527,0.65,0.02,1.01,376,12,583