,id,seccion,agrupacion_ganadora,CONSENSO FEDERAL_perc,FRENTE DE IZQUIERDA Y DE TRABAJADORES - UNIDAD_perc,FRENTE DE TODOS_perc,FRENTE NOS_perc,JUNTOS POR EL CAMBIO_perc,UNITE POR LA LIBERTAD Y LA DIGNIDAD_perc,CONSENSO FEDERAL_votos,FRENTE DE IZQUIERDA Y DE TRABAJADORES - UNIDAD_votos,FRENTE DE TODOS_votos,FRENTE NOS_votos,JUNTOS POR EL CAMBIO_votos,UNITE POR LA LIBERTAD Y LA DIGNIDAD_votos,Participacion,electores,votantes,BLANCO_perc,IMPUGNADO_perc,NULO_perc,BLANCO_votos,IMPUGNADO_votos,NULO_votos
0,BUENOS AIRES_25 DE MAYO,"25 De Mayo, Buenos Aires",JUNTOS POR EL CAMBIO,4.39,1.39,42.3,0.84,49.88,1.2,1072,339,10341,205,12194,294,82.5,30518,25176,2.16,0.23,0.5,545,59,127
1,BUENOS AIRES_ADOLFO ALSINA,"Adolfo Alsina, Buenos Aires",JUNTOS POR EL CAMBIO,6.49,1.55,38.07,0.53,51.96,1.4,674,161,3953,55,5395,145,77.63,13709,10642,1.82,0.24,0.37,194,26,39
2,BUENOS AIRES_ALBERTI,"Alberti, Buenos Aires",JUNTOS POR EL CAMBIO,4.82,1.48,45.36,0.59,46.7,1.06,369,113,3472,45,3575,81,84.65,9338,7905,2.59,0.35,0.22,205,28,17
3,BUENOS AIRES_ALMIRANTE BROWN,"Almirante Brown, Buenos Aires",FRENTE DE TODOS,6.58,3.28,60.23,1.67,26.73,1.52,22521,11218,206155,5730,91491,5187,83.13,421482,350391,1.27,0.19,0.85,4437,667,2985
4,BUENOS AIRES_ARRECIFES,"Arrecifes, Buenos Aires",JUNTOS POR EL CAMBIO,6.81,1.15,44.08,1.18,45.72,1.06,1374,231,8891,239,9222,214,84.41,24471,20656,1.86,0.19,0.29,385,40,60
5,BUENOS AIRES_AVELLANEDA,"Avellaneda, Buenos Aires",FRENTE DE TODOS,6.3,2.78,55.27,1.1,32.99,1.55,13864,6120,121552,2426,72553,3408,82.14,272947,224201,1.32,0.13,0.46,2962,295,1021
6,BUENOS AIRES_AYACUCHO,"Ayacucho, Buenos Aires",FRENTE DE TODOS,6.34,1.52,45.8,1.06,44.07,1.21,836,201,6039,140,5810,159,82.65,16548,13677,3.07,0.2,0.32,420,28,44
7,BUENOS AIRES_AZUL,"Azul, Buenos Aires",JUNTOS POR EL CAMBIO,5.82,2.15,42.93,0.87,46.88,1.36,2425,895,17893,363,19538,566,80.39,53476,42990,2.02,0.11,0.92,868,46,396
8,BUENOS AIRES_BAHIA BLANCA,"Bahia Blanca, Buenos Aires",JUNTOS POR EL CAMBIO,5.95,3.18,35.67,2.37,50.94,1.89,11280,6024,67617,4499,96580,3583,81.58,238363,194465,1.49,0.16,0.87,2890,309,1683
9,BUENOS AIRES_BALCARCE,"Balcarce, Buenos Aires",JUNTOS POR EL CAMBIO,7.68,1.58,36.3,1.91,51.11,1.42,2351,483,11117,586,15656,436,82.07,38378,31496,1.96,0.21,0.58,618,65,184
10,BUENOS AIRES_BARADERO,"Baradero, Buenos Aires",FRENTE DE TODOS,5.01,1.5,55.15,1.65,35.42,1.27,1163,348,12807,384,8225,296,84.52,28548,24130,3,0.11,0.64,725,27,155
11,BUENOS AIRES_BENITO JUAREZ,"Benito Juarez, Buenos Aires",FRENTE DE TODOS,9.21,2.3,53.76,0.56,32.85,1.31,1192,298,6955,72,4250,169,80.84,16444,13294,1.93,0.2,0.56,257,27,74
12,BUENOS AIRES_BERAZATEGUI,"Berazategui, Buenos Aires",FRENTE DE TODOS,6.87,3.11,59.1,1.75,27.69,1.48,13910,6288,119648,3540,56064,2994,84.75,244561,207272,1.6,0.24,0.49,3308,503,1017
13,BUENOS AIRES_BERISSO,"Berisso, Buenos Aires",FRENTE DE TODOS,6.95,3,55.58,1.15,31.92,1.4,4359,1882,34873,724,20030,879,84.24,76305,64283,1.79,0.16,0.44,1153,103,280
14,BUENOS AIRES_BOLIVAR,"Bolivar, Buenos Aires",JUNTOS POR EL CAMBIO,6.81,2.25,43.64,0.46,45.82,1.03,1631,538,10455,111,10977,246,81.62,30291,24725,2.37,0.26,0.47,586,64,117
15,BUENOS AIRES_BRAGADO,"Bragado, Buenos Aires",FRENTE DE TODOS,6.35,1.39,45.86,0.7,44.76,0.94,1841,403,13299,204,12980,274,84.35,35138,29638,1.29,0.15,0.72,381,44,212
16,BUENOS AIRES_BRANDSEN,"Brandsen, Buenos Aires",FRENTE DE TODOS,5.47,1.67,48.84,1.39,41.31,1.32,1032,315,9217,263,7796,250,83.43,23290,19430,1.94,0.25,0.67,377,49,131
17,BUENOS AIRES_CAMPANA,"Campana, Buenos Aires",FRENTE DE TODOS,6.1,2.69,48.32,2.06,39.54,1.29,3800,1676,30109,1282,24638,806,84.71,75570,64014,1.93,0.13,0.6,1235,84,384
18,BUENOS AIRES_CAPITAN SARMIENTO,"Capitan Sarmiento, Buenos Aires",JUNTOS POR EL CAMBIO,10.39,1.05,38.09,1.27,48.21,0.99,1060,107,3886,130,4918,101,84.66,12345,10451,1.74,0.23,0.41,182,24,43
19,BUENOS AIRES_CARLOS CASARES,"Carlos Casares, Buenos Aires",JUNTOS POR EL CAMBIO,5.03,1.88,40.83,0.7,50.33,1.23,754,282,6124,105,7550,185,82.08,18747,15387,2.07,0.25,0.19,319,38,30
20,BUENOS AIRES_CARLOS TEJEDOR,"Carlos Tejedor, Buenos Aires",FRENTE DE TODOS,4.23,1.76,47.21,0.79,45.05,0.97,337,140,3762,63,3590,77,85.87,9576,8223,2.49,0.26,0.34,205,21,28
21,BUENOS AIRES_CARMEN DE ARECO,"Carmen De Areco, Buenos Aires",JUNTOS POR EL CAMBIO,7.07,0.94,42.76,0.71,47.75,0.78,729,97,4411,73,4926,80,85.04,12496,10627,2.62,0.23,0.08,278,24,9
22,BUENOS AIRES_CASTELLI,"Castelli, Buenos Aires",FRENTE DE TODOS,3.52,1.21,47.52,0.58,45.45,1.73,207,71,2798,34,2676,102,79.9,7618,6087,2.32,0.31,0.64,141,19,39
23,BUENOS AIRES_CAÑUELAS,"Cañuelas, Buenos Aires",FRENTE DE TODOS,5.71,2.61,53.3,1.12,36.04,1.23,1929,882,18018,378,12183,415,83.54,41392,34577,1.57,0.14,0.53,542,48,182
24,BUENOS AIRES_CHACABUCO,"Chacabuco, Buenos Aires",FRENTE DE TODOS,5.27,2.06,47.13,0.66,43.72,1.15,1758,688,15713,221,14575,385,84.16,40490,34078,1.37,0.13,0.66,468,46,224
25,BUENOS AIRES_CHASCOMUS,"Chascomus, Buenos Aires",JUNTOS POR EL CAMBIO,7.16,2.17,39.29,0.7,49.35,1.32,1874,569,10279,184,12910,346,83.17,32534,27057,2.9,0.18,0.23,786,48,61
26,BUENOS AIRES_CHIVILCOY,"Chivilcoy, Buenos Aires",FRENTE DE TODOS,12.07,1.47,49.31,0.51,35.48,1.16,5658,691,23117,239,16633,544,84.54,56836,48051,1.65,0.19,0.58,795,93,281
27,BUENOS AIRES_COLON,"Colon, Buenos Aires",FRENTE DE TODOS,4.42,1.82,55.02,1.2,36.15,1.38,748,307,9303,203,6112,234,83.58,20595,17213,1.29,0.15,0.34,222,25,59
28,BUENOS AIRES_CORONEL DORREGO,"Coronel Dorrego, Buenos Aires",JUNTOS POR EL CAMBIO,6.11,1.38,38.86,0.59,52.05,1,659,149,4189,64,5610,108,83.68,13244,11083,1.98,0.32,0.44,219,36,49
29,BUENOS AIRES_CORONEL PRINGLES,"Coronel Pringles, Buenos Aires",JUNTOS POR EL CAMBIO,5.45,2.64,41.75,2.02,46.93,1.2,846,410,6477,314,7280,186,80.82,19770,15979,2.29,0.18,0.45,366,28,72
30,BUENOS AIRES_CORONEL DE MARINA LEONARDO ROSALES,"Coronel Rosales, Buenos Aires",JUNTOS POR EL CAMBIO,6.62,1.99,24.42,1.74,63.21,2.01,2483,748,9162,654,23716,756,81.36,47203,38405,1.56,0.08,0.67,598,29,259
31,BUENOS AIRES_CORONEL SUAREZ,"Coronel Suarez, Buenos Aires",JUNTOS POR EL CAMBIO,7.35,2.39,43.3,0.9,44.13,1.93,1969,641,11601,240,11824,516,82.55,33425,27594,1.9,0.23,0.78,524,64,215
32,BUENOS AIRES_DAIREAUX,"Daireaux, Buenos Aires",FRENTE DE TODOS,4.47,1.36,48.68,0.5,43.84,1.15,529,161,5757,59,5184,136,83.77,14618,12246,2.73,0.24,0.46,334,30,56
33,BUENOS AIRES_DOLORES,"Dolores, Buenos Aires",JUNTOS POR EL CAMBIO,3.86,1.38,40.59,1.08,52.11,0.99,752,269,7914,210,10160,194,85.54,23600,20187,2.65,0.2,0.56,535,40,113
34,BUENOS AIRES_ENSENADA,"Ensenada, Buenos Aires",FRENTE DE TODOS,5.69,3.16,61.46,1.15,27.14,1.39,2408,1337,25990,487,11475,589,83.7,51791,43348,1.81,0.21,0.43,786,89,187
35,BUENOS AIRES_ESCOBAR,"Escobar, Buenos Aires",FRENTE DE TODOS,5.75,2.66,54.66,2.54,32.83,1.57,7990,3695,76022,3538,45655,2177,83.17,171685,142782,1.6,0.39,0.6,2290,554,861
36,BUENOS AIRES_ESTEBAN ECHEVERRIA,"Esteban Echeverria, Buenos Aires",FRENTE DE TODOS,6.65,3.04,58.23,1.63,28.95,1.51,11597,5303,101565,2838,50502,2629,83.81,213062,178575,1.59,0.09,0.64,2848,158,1135
37,BUENOS AIRES_EXALTACION DE LA CRUZ,"Exaltacion De La Cruz, Buenos Aires",FRENTE DE TODOS,5.72,2.28,47.01,1.58,41.96,1.46,1230,490,10116,340,9030,315,83.25,26520,22078,1.68,0.07,0.77,372,15,170
38,BUENOS AIRES_EZEIZA,"Ezeiza, Buenos Aires",FRENTE DE TODOS,6.49,2.95,60.31,1.73,27.08,1.44,6455,2930,59943,1716,26910,1432,83.73,121528,101758,1.83,0.05,0.45,1863,52,457
39,BUENOS AIRES_FLORENCIO VARELA,"Florencio Varela, Buenos Aires",FRENTE DE TODOS,5.56,2.79,67.93,1.77,20.88,1.07,13440,6739,164339,4289,50520,2588,82.98,298858,247997,1.8,0.16,0.49,4456,405,1221
40,BUENOS AIRES_FLORENTINO AMEGHINO,"Florentino Ameghino, Buenos Aires",JUNTOS POR EL CAMBIO,2.72,1.25,42.1,0.31,53.17,0.45,193,89,2988,22,3774,32,90.31,7981,7208,1.1,0.14,0.29,79,10,21
41,BUENOS AIRES_GENERAL ALVARADO,"General Alvarado, Buenos Aires",FRENTE DE TODOS,7.82,1.95,45.53,1.45,41.94,1.3,2127,531,12380,393,11403,354,80.43,34596,27824,1.52,0.21,0.56,422,58,156
42,BUENOS AIRES_GENERAL ALVEAR,"General Alvear, Buenos Aires",FRENTE DE TODOS,3.77,1.13,46.89,0.48,46.67,1.07,254,76,3158,32,3143,72,85.16,8213,6994,3.2,0.24,0.26,224,17,18
43,BUENOS AIRES_GENERAL ARENALES,"General Arenales, Buenos Aires",JUNTOS POR EL CAMBIO,4.33,0.92,42.21,0.25,51.49,0.8,530,113,5164,30,6300,98,84.01,14896,12514,1.8,0.13,0.3,225,16,38
44,BUENOS AIRES_GENERAL BELGRANO,"General Belgrano, Buenos Aires",JUNTOS POR EL CAMBIO,5.07,1.54,41.95,0.62,49.72,1.09,650,197,5373,80,6368,140,84.49,15591,13173,2.12,0.23,0.43,279,30,56
45,BUENOS AIRES_GENERAL GUIDO,"General Guido, Buenos Aires",FRENTE DE TODOS,3.58,1.18,48.38,0.29,45.69,0.88,73,24,987,6,932,18,86.44,2493,2155,4.64,0.46,0.23,100,10,5
46,BUENOS AIRES_GENERAL LA MADRID,"General La Madrid, Buenos Aires",JUNTOS POR EL CAMBIO,4.56,2.01,44.4,1.25,46.52,1.27,333,147,3245,91,3400,93,83.54,9192,7679,3.46,0.34,1.02,266,26,78
47,BUENOS AIRES_GENERAL LAS HERAS,"General Las Heras, Buenos Aires",FRENTE DE TODOS,6.25,1.82,52.11,0.6,38.19,1.04,647,188,5395,62,3954,108,85.61,12470,10676,2.5,0.05,0.47,267,5,50
48,BUENOS AIRES_GENERAL LAVALLE,"General Lavalle, Buenos Aires",JUNTOS POR EL CAMBIO,3.27,1.4,44.31,1.26,48.72,1.05,112,48,1518,43,1669,36,83.18,4220,3510,1.6,0.17,0.63,56,6,22
49,BUENOS AIRES_GENERAL JUAN MADARIAGA,"General Madariaga, Buenos Aires",JUNTOS POR EL CAMBIO,5.66,2.41,42.01,0.98,47.77,1.16,781,333,5794,135,6589,160,80.56,17582,14164,2.4,0.11,0.12,340,15,17
50,BUENOS AIRES_GENERAL PAZ,"General Paz, Buenos Aires",FRENTE DE TODOS,4.01,1.56,48.8,1.21,43.11,1.31,363,141,4422,110,3906,119,85.94,10828,9306,2.16,0.24,0.24,201,22,22
51,BUENOS AIRES_GENERAL PINTO,"General Pinto, Buenos Aires",FRENTE DE TODOS,4.83,1.9,50.11,0.72,41.64,0.8,376,148,3900,56,3241,62,84.64,9518,8056,2.64,0.14,0.61,213,11,49
52,BUENOS AIRES_GENERAL PUEYRREDON,"General Pueyrredon, Buenos Aires",JUNTOS POR EL CAMBIO,7,2.54,42.84,1.28,44.78,1.56,27857,10096,170429,5073,178154,6220,77.47,528171,409155,1.72,0.12,0.93,7041,490,3795
53,BUENOS AIRES_GENERAL RODRIGUEZ,"General Rodriguez, Buenos Aires",FRENTE DE TODOS,5.4,2.28,58.91,1.85,30.38,1.18,3131,1322,34188,1074,17631,686,80.59,73881,59542,1.87,0.14,0.52,1114,84,312
54,BUENOS AIRES_GENERAL SAN MARTIN,"General San Martin, Buenos Aires",FRENTE DE TODOS,7.19,2.96,51.15,1.7,35.33,1.67,18064,7431,128547,4281,88785,4196,80.94,317002,256591,1.18,0.16,0.73,3023,400,1864
55,BUENOS AIRES_GENERAL VIAMONTE,"General Viamonte, Buenos Aires",FRENTE DE TODOS,4.4,1,47.53,0.55,45.76,0.75,565,129,6105,71,5878,96,85.35,15428,13168,2.03,0.14,0.3,267,18,39
56,BUENOS AIRES_GENERAL VILLEGAS,"General Villegas, Buenos Aires",JUNTOS POR EL CAMBIO,5.85,1.22,39.83,0.83,51.05,1.21,1149,240,7820,163,10022,238,80.53,25049,20171,1.93,0.16,0.58,389,33,117
57,BUENOS AIRES_ADOLFO GONZALES CHAVES,"Gonzales Chaves, Buenos Aires",FRENTE DE TODOS,4.55,1.5,54.59,0.55,37.32,1.5,365,120,4379,44,2994,120,83.5,10200,8517,5.1,0.27,0.45,434,23,38
58,BUENOS AIRES_GUAMINI,"Guamini, Buenos Aires",FRENTE DE TODOS,3.81,1.16,46.87,0.59,46.36,1.21,292,89,3594,45,3555,93,82.82,9595,7947,2.99,0.3,0.21,238,24,17
59,BUENOS AIRES_HIPOLITO YRIGOYEN,"Hipolito Yrigoyen, Buenos Aires",FRENTE DE TODOS,4.23,0.99,46.82,0.88,46.08,0.99,268,63,2965,56,2918,63,80.7,8097,6534,2.45,0.29,0.34,160,19,22
60,BUENOS AIRES_HURLINGHAM,"Hurlingham, Buenos Aires",FRENTE DE TODOS,7.27,3.25,54.09,2.01,31.78,1.6,8444,3773,62868,2339,36941,1858,83.42,142125,118558,1.02,0.2,0.75,1214,235,886
61,BUENOS AIRES_ITUZAINGO,"Ituzaingo, Buenos Aires",FRENTE DE TODOS,7.6,3.23,50.74,1.19,35.65,1.59,8465,3592,56497,1322,39700,1771,83.77,135843,113791,1.22,0.26,0.67,1386,295,763
62,BUENOS AIRES_JOSE C. PAZ,"Jose C. Paz, Buenos Aires",FRENTE DE TODOS,5.48,2.95,66.69,2.08,21.63,1.17,9126,4913,111100,3464,36027,1956,81.84,208758,170853,1.62,0.26,0.61,2774,449,1044
63,BUENOS AIRES_JUNIN,"Junin, Buenos Aires",JUNTOS POR EL CAMBIO,6.54,1.59,43.89,0.87,45.9,1.21,4077,988,27351,540,28605,757,82.49,77129,63627,1.36,0.12,0.58,863,77,369
64,BUENOS AIRES_LA COSTA,"La Costa, Buenos Aires",FRENTE DE TODOS,5.82,3.02,46.21,1.89,41.18,1.88,2954,1535,23449,958,20896,955,77.94,67052,52261,2.2,0.17,0.53,1150,89,275
65,BUENOS AIRES_LA MATANZA,"La Matanza, Buenos Aires",FRENTE DE TODOS,5.97,2.87,64.49,1.71,23.52,1.44,47282,22714,510420,13509,186183,11405,82.58,978640,808138,1.26,0.18,0.63,10148,1422,5055
66,BUENOS AIRES_LA PLATA,"La Plata, Buenos Aires",FRENTE DE TODOS,6.65,3.41,44.23,1.28,42.96,1.48,27800,14271,184952,5332,179632,6177,82.22,519645,427273,1.28,0.21,0.64,5450,918,2741
67,BUENOS AIRES_LANUS,"Lanus, Buenos Aires",FRENTE DE TODOS,6.76,2.84,53.57,1.12,34.23,1.49,19677,8261,155948,3249,99638,4351,82.46,359969,296820,1.4,0.13,0.39,4158,382,1156
68,BUENOS AIRES_LAPRIDA,"Laprida, Buenos Aires",FRENTE DE TODOS,3.51,1.53,54.96,0.61,37.93,1.46,259,113,4061,45,2803,108,82.41,9201,7583,1.6,0.34,0.62,121,26,47
69,BUENOS AIRES_LAS FLORES,"Las Flores, Buenos Aires",FRENTE DE TODOS,6.83,1.83,48.02,0.73,41.29,1.31,1154,309,8117,123,6979,222,82.59,21225,17529,2.86,0.26,0.44,502,45,78
70,BUENOS AIRES_LEANDRO N. ALEM,"Leandro N. Alem, Buenos Aires",FRENTE DE TODOS,4.56,1.32,48.85,0.64,43.83,0.8,495,143,5303,69,4758,87,83.13,13346,11095,1.6,0.05,0.51,178,5,57
71,BUENOS AIRES_LEZAMA,"Lezama, Buenos Aires",JUNTOS POR EL CAMBIO,6.27,1.24,43.63,0.49,47.11,1.26,258,51,1796,20,1939,52,88.3,4813,4250,2.82,0,0.33,120,0,14
72,BUENOS AIRES_LINCOLN,"Lincoln, Buenos Aires",JUNTOS POR EL CAMBIO,5.24,1.75,40.41,0.81,50.76,1.03,1472,492,11353,227,14261,288,83.26,34515,28738,1.66,0.1,0.48,477,30,138
73,BUENOS AIRES_LOBERIA,"Loberia, Buenos Aires",FRENTE DE TODOS,4.42,1.86,46.12,0.88,45.74,0.99,509,214,5311,101,5267,114,82.99,14421,11968,2.98,0.26,0.53,357,31,64
74,BUENOS AIRES_LOBOS,"Lobos, Buenos Aires",JUNTOS POR EL CAMBIO,4.77,2.04,39.66,0.96,51.29,1.28,1187,507,9862,238,12755,319,84.68,30186,25561,2.29,0.17,0.25,585,44,64
75,BUENOS AIRES_LOMAS DE ZAMORA,"Lomas De Zamora, Buenos Aires",FRENTE DE TODOS,6.34,2.88,58.67,1.28,29.37,1.46,24033,10908,222416,4855,111315,5540,82.23,470972,387257,1.35,0.07,0.7,5217,281,2692
76,BUENOS AIRES_LUJAN,"Lujan, Buenos Aires",JUNTOS POR EL CAMBIO,7.02,2.28,43.65,0.91,44.76,1.37,4971,1617,30904,647,31687,970,81.95,88681,72671,1.73,0.18,0.67,1260,131,484
77,BUENOS AIRES_MAGDALENA,"Magdalena, Buenos Aires",JUNTOS POR EL CAMBIO,5.05,2.17,41.13,1.59,48.77,1.28,583,250,4746,184,5627,148,83.54,14185,11850,2.08,0.21,0.35,246,25,41
78,BUENOS AIRES_MAIPU,"Maipu, Buenos Aires",JUNTOS POR EL CAMBIO,3.07,1.4,44.4,0.97,49.04,1.12,248,113,3582,78,3956,90,85.78,9715,8334,2.75,0.23,0.23,229,19,19
79,BUENOS AIRES_MALVINAS ARGENTINAS,"Malvinas Argentinas, Buenos Aires",FRENTE DE TODOS,5.84,2.9,62.21,1.92,25.77,1.36,12224,6063,130235,4018,53947,2852,83.74,255202,213715,1.32,0.24,0.49,2830,507,1039
80,BUENOS AIRES_MAR CHIQUITA,"Mar Chiquita, Buenos Aires",FRENTE DE TODOS,5.08,1.94,47.58,0.84,43.31,1.25,953,365,8929,157,8129,235,81.36,23765,19336,2.33,0.1,0.5,451,20,97
81,BUENOS AIRES_MARCOS PAZ,"Marcos Paz, Buenos Aires",FRENTE DE TODOS,6.32,2.51,61.36,1.39,27.2,1.22,2123,844,20616,467,9140,409,83.05,41352,34342,1.53,0.03,0.59,527,12,204
82,BUENOS AIRES_MERCEDES,"Mercedes, Buenos Aires",JUNTOS POR EL CAMBIO,6.28,2.37,41.01,0.83,48.44,1.07,2794,1055,18240,371,21545,477,82.91,54779,45420,1.38,0.14,0.54,627,64,247
83,BUENOS AIRES_MERLO,"Merlo, Buenos Aires",FRENTE DE TODOS,6.31,3.11,65.1,1.84,22.36,1.29,19720,9724,203593,5746,69932,4022,81.86,390462,319618,1.14,0.26,0.75,3655,843,2383
84,BUENOS AIRES_MONTE,"Monte, Buenos Aires",JUNTOS POR EL CAMBIO,4.33,2.11,42.77,1.31,48.08,1.4,617,301,6097,187,6854,199,81.1,18197,14757,2.91,0.22,0.26,430,33,39
85,BUENOS AIRES_MONTE HERMOSO,"Monte Hermoso, Buenos Aires",FRENTE DE TODOS,3.53,2.33,55.02,1.23,36.82,1.07,207,137,3231,72,2162,63,77.44,7788,6031,2.07,0.17,0.4,125,10,24
86,BUENOS AIRES_MORENO,"Moreno, Buenos Aires",FRENTE DE TODOS,5.9,3.18,63.9,2,23.74,1.29,15390,8286,166745,5227,61937,3362,82.48,324406,267575,1.61,0.15,0.72,4296,410,1922
87,BUENOS AIRES_MORON,"Moron, Buenos Aires",FRENTE DE TODOS,7.51,3.12,46.18,1.19,40.18,1.83,15840,6568,97361,2515,84710,3850,82.61,260472,215184,1.21,0.13,0.68,2593,273,1474
88,BUENOS AIRES_NAVARRO,"Navarro, Buenos Aires",JUNTOS POR EL CAMBIO,3.51,1.11,43.88,0.47,49.95,1.07,406,128,5069,54,5770,124,85.13,13992,11912,2.25,0.29,0.49,268,35,58
89,BUENOS AIRES_NECOCHEA,"Necochea, Buenos Aires",JUNTOS POR EL CAMBIO,6.81,2.36,38.18,1,50.37,1.28,4182,1450,23466,613,30954,789,79.23,80027,63409,2.26,0.12,0.7,1436,78,441
90,BUENOS AIRES_9 DE JULIO,"Nueve De Julio, Buenos Aires",JUNTOS POR EL CAMBIO,6.35,1.42,39.29,0.72,51.2,1.01,2138,479,13224,244,17236,340,82.89,41432,34344,1.42,0.12,0.45,488,41,154
91,BUENOS AIRES_OLAVARRIA,"Olavarria, Buenos Aires",JUNTOS POR EL CAMBIO,8.46,2.15,42.47,1.01,44.69,1.22,6269,1589,31459,748,33108,906,81.98,92411,75759,1.41,0.11,0.7,1065,82,533
92,BUENOS AIRES_PATAGONES,"Patagones, Buenos Aires",FRENTE DE TODOS,5.31,1.75,47.77,3.96,39.84,1.37,1102,362,9909,821,8263,285,81.07,26328,21343,1.78,0.25,0.78,380,54,167
93,BUENOS AIRES_PEHUAJO,"Pehuajo, Buenos Aires",FRENTE DE TODOS,4.91,1.6,48.74,0.58,43.14,1.02,1312,428,13023,155,11527,273,82.74,33279,27534,2.11,0.17,0.69,580,46,190
94,BUENOS AIRES_PELLEGRINI,"Pellegrini, Buenos Aires",JUNTOS POR EL CAMBIO,4.8,0.99,39.61,0.67,52.33,1.61,194,40,1601,27,2115,65,82.52,5098,4207,3.59,0.21,0.12,151,9,5
95,BUENOS AIRES_PERGAMINO,"Pergamino, Buenos Aires",JUNTOS POR EL CAMBIO,5.67,1.74,37.61,1.06,52.3,1.62,3936,1211,26121,733,36325,1123,81.44,87143,70972,1.3,0.15,0.69,924,110,489
96,BUENOS AIRES_PILA,"Pila, Buenos Aires",FRENTE DE TODOS,4.01,1.3,49.91,0.82,43.03,0.93,108,35,1343,22,1158,25,86.47,3237,2799,3.43,0.18,0.25,96,5,7
97,BUENOS AIRES_PILAR,"Pilar, Buenos Aires",FRENTE DE TODOS,5.18,2.4,53.26,2.06,35.7,1.39,9752,4517,100279,3881,67217,2626,84.35,228251,192541,1.35,0.18,0.68,2601,355,1313
98,BUENOS AIRES_PINAMAR,"Pinamar, Buenos Aires",JUNTOS POR EL CAMBIO,5.73,2.43,39.91,0.9,49.06,1.97,985,417,6860,155,8433,338,77.46,22767,17636,1.68,0.11,0.74,297,20,131
99,BUENOS AIRES_PRESIDENTE PERON,"Presidente Peron, Buenos Aires",FRENTE DE TODOS,5.29,2.8,67.77,2.12,20.72,1.3,2513,1329,32185,1007,9842,617,84.13,58711,49395,3.04,0.1,0.71,1503,50,349
100,BUENOS AIRES_PUAN,"Puan, Buenos Aires",JUNTOS POR EL CAMBIO,5.06,2.34,29.42,0.74,60.8,1.63,565,261,3283,83,6784,182,80.11,14373,11514,2.1,0.29,0.7,242,33,81
101,BUENOS AIRES_PUNTA INDIO,"Punta Indio, Buenos Aires",JUNTOS POR EL CAMBIO,4.88,1.78,44.81,1.5,45.83,1.21,360,131,3307,111,3382,89,82.25,9168,7541,1.52,0.13,0.48,115,10,36
102,BUENOS AIRES_QUILMES,"Quilmes, Buenos Aires",FRENTE DE TODOS,6.41,2.77,55.24,1.38,32.84,1.35,22363,9665,192644,4829,114517,4725,82.95,429316,356099,1.48,0.15,0.44,5275,519,1562
103,BUENOS AIRES_RAMALLO,"Ramallo, Buenos Aires",FRENTE DE TODOS,5.27,1.7,50.4,1.09,40.29,1.24,1244,402,11890,258,9503,292,85.42,28300,24174,2.05,0.12,0.25,495,29,61
104,BUENOS AIRES_RAUCH,"Rauch, Buenos Aires",FRENTE DE TODOS,4.46,2.19,49.15,0.87,42.16,1.17,469,230,5172,92,4436,123,84.68,12968,10981,3.54,0.33,0.31,389,36,34
105,BUENOS AIRES_RIVADAVIA,"Rivadavia, Buenos Aires",JUNTOS POR EL CAMBIO,5.79,0.97,41.91,0.56,49.29,1.47,655,110,4738,63,5572,166,87.65,13421,11764,3.5,0.22,0.19,412,26,22
106,BUENOS AIRES_ROJAS,"Rojas, Buenos Aires",JUNTOS POR EL CAMBIO,5.31,1.65,39.64,0.51,51.4,1.49,846,263,6314,81,8186,237,83.74,19445,16283,1.49,0.18,0.52,243,29,84
107,BUENOS AIRES_ROQUE PEREZ,"Roque Perez, Buenos Aires",JUNTOS POR EL CAMBIO,3.54,1.35,42.96,0.5,50.43,1.22,297,113,3599,42,4225,102,84.66,10174,8613,2.11,0.27,0.35,182,23,30
108,BUENOS AIRES_SAAVEDRA,"Saavedra, Buenos Aires",JUNTOS POR EL CAMBIO,4.86,1.71,36.02,1.34,54.39,1.67,672,237,4982,186,7522,231,80.45,17804,14323,2.49,0.1,0.85,356,15,122
109,BUENOS AIRES_SALADILLO,"Saladillo, Buenos Aires",JUNTOS POR EL CAMBIO,4.2,1.18,38.77,0.78,53.9,1.17,905,255,8351,169,11610,251,82.77,26837,22214,2.21,0.16,0.65,492,36,145
110,BUENOS AIRES_SALLIQUELO,"Salliquelo, Buenos Aires",JUNTOS POR EL CAMBIO,3.38,0.97,42.11,0.55,51.64,1.36,191,55,2382,31,2921,77,85.99,7002,6021,5.58,0.37,0.1,336,22,6
111,BUENOS AIRES_SALTO,"Salto, Buenos Aires",FRENTE DE TODOS,4.97,2.33,46.01,1.53,43.97,1.19,1093,513,10120,337,9672,262,81.22,27600,22418,1.54,0.1,0.24,346,22,53
112,BUENOS AIRES_SAN ANDRES DE GILES,"San Andres De Giles, Buenos Aires",JUNTOS POR EL CAMBIO,5.93,1.55,44.7,1.37,45.14,1.32,928,242,6993,214,7063,206,83.34,19528,16274,3.27,0.29,0.29,532,48,48
113,BUENOS AIRES_SAN ANTONIO DE ARECO,"San Antonio De Areco, Buenos Aires",JUNTOS POR EL CAMBIO,4.22,1.69,42.02,1.84,49.32,0.92,706,282,7025,307,8246,154,86.18,19847,17104,1.58,0.19,0.47,270,33,81
114,BUENOS AIRES_SAN CAYETANO,"San Cayetano, Buenos Aires",JUNTOS POR EL CAMBIO,4.84,1.09,34,0.6,58.25,1.22,275,62,1931,34,3308,69,81.19,7245,5882,2.74,0.26,0.46,161,15,27
115,BUENOS AIRES_SAN FERNANDO,"San Fernando, Buenos Aires",FRENTE DE TODOS,6.83,2.87,49.68,1.25,37.77,1.59,6774,2849,49260,1244,37455,1576,81.89,123432,101080,1.37,0.1,0.43,1385,106,431
116,BUENOS AIRES_SAN ISIDRO,"San Isidro, Buenos Aires",JUNTOS POR EL CAMBIO,5.48,2.44,31.74,1.03,57.8,1.5,11598,5165,67140,2171,122255,3177,81.68,263817,215475,1.11,0.17,0.57,2383,360,1226
117,BUENOS AIRES_SAN MIGUEL,"San Miguel, Buenos Aires",FRENTE DE TODOS,5.82,2.74,51.24,1.56,37.24,1.4,10610,5004,93465,2850,67925,2558,83.02,224606,186479,1.49,0.13,0.56,2778,248,1041
118,BUENOS AIRES_SAN NICOLAS,"San Nicolas, Buenos Aires",FRENTE DE TODOS,6.99,1.85,47.15,2.27,40.14,1.59,6562,1740,44239,2127,37661,1489,83.73,114681,96027,1.56,0.06,0.68,1494,58,657
119,BUENOS AIRES_SAN PEDRO,"San Pedro, Buenos Aires",FRENTE DE TODOS,6.38,1.69,44.89,1.41,44.31,1.32,2617,694,18414,579,18178,540,84.02,50024,42028,1.82,0.08,0.5,765,32,209
120,BUENOS AIRES_SAN VICENTE,"San Vicente, Buenos Aires",FRENTE DE TODOS,7.65,2.4,55.35,1.51,31.88,1.22,3141,985,22735,620,13095,502,81.83,51848,42426,2.17,0.19,0.82,919,79,350
121,BUENOS AIRES_SUIPACHA,"Suipacha, Buenos Aires",FRENTE DE TODOS,4.13,1.09,48.35,0.61,44.66,1.15,316,83,3697,47,3415,88,84.96,9273,7878,2.42,0.28,0.24,191,22,19
122,BUENOS AIRES_TANDIL,"Tandil, Buenos Aires",JUNTOS POR EL CAMBIO,7.76,1.96,40.26,1.05,47.26,1.72,6427,1620,33351,867,39149,1424,82.11,103395,84902,1.64,0.09,0.71,1389,74,601
123,BUENOS AIRES_TAPALQUE,"Tapalque, Buenos Aires",FRENTE DE TODOS,4.33,1.5,50.07,1.2,41.99,0.9,297,103,3433,82,2879,62,82.86,8525,7064,2.43,0.21,0.3,172,15,21
124,BUENOS AIRES_TIGRE,"Tigre, Buenos Aires",FRENTE DE TODOS,6.58,3.16,50.5,1.73,36.48,1.54,15946,7658,122398,4203,88405,3739,82.88,298681,247550,1.17,0.19,0.74,2902,479,1820
125,BUENOS AIRES_TORDILLO,"Tordillo, Buenos Aires",FRENTE DE TODOS,2.53,0.8,48.25,1.44,46.41,0.57,44,14,840,25,808,10,87.63,2085,1827,4.11,0.33,0.27,75,6,5
126,BUENOS AIRES_TORNQUIST,"Tornquist, Buenos Aires",JUNTOS POR EL CAMBIO,4.56,2.1,37.8,1.63,52.25,1.66,470,217,3900,168,5391,171,81.25,13059,10611,2.11,0.25,0.41,224,27,43
127,BUENOS AIRES_TRENQUE LAUQUEN,"Trenque Lauquen, Buenos Aires",JUNTOS POR EL CAMBIO,5.5,1.42,41.23,0.87,49.88,1.1,1670,430,12513,264,15138,335,81.45,38234,31143,1.91,0.19,0.45,596,58,139
128,BUENOS AIRES_TRES ARROYOS,"Tres Arroyos, Buenos Aires",FRENTE DE TODOS,6.04,2.15,47.19,1.15,41.91,1.56,2302,818,17985,439,15973,595,79.15,49684,39323,2.28,0.25,0.55,897,99,215
129,BUENOS AIRES_TRES DE FEBRERO,"Tres De Febrero, Buenos Aires",FRENTE DE TODOS,7.52,3.02,48.59,1.47,37.69,1.71,16391,6596,105968,3211,82191,3728,82.33,270534,222724,1.05,0.29,0.75,2338,635,1666
130,BUENOS AIRES_TRES LOMAS,"Tres Lomas, Buenos Aires",FRENTE DE TODOS,3.55,1.55,51.16,1.38,41.37,1,170,74,2450,66,1981,48,84.8,5882,4988,3.43,0.24,0.32,171,12,16
131,BUENOS AIRES_VICENTE LOPEZ,"Vicente Lopez, Buenos Aires",JUNTOS POR EL CAMBIO,6.52,2.83,30.37,0.7,57.79,1.78,11707,5086,54519,1252,103736,3203,81.59,224403,183090,1.06,0.16,0.74,1949,292,1346
132,BUENOS AIRES_VILLA GESELL,"Villa Gesell, Buenos Aires",FRENTE DE TODOS,5,2.95,49.16,1.78,39.75,1.36,1023,605,10068,364,8140,278,75.83,27785,21068,1.72,0.17,0.92,362,35,193
133,BUENOS AIRES_VILLARINO,"Villarino, Buenos Aires",JUNTOS POR EL CAMBIO,4.24,1.74,37.54,1.04,53.89,1.54,736,303,6519,180,9358,268,80.93,22927,18554,5.33,0.29,0.8,989,53,148
134,BUENOS AIRES_ZARATE,"Zarate, Buenos Aires",FRENTE DE TODOS,6.43,2.6,55.12,1.46,32.95,1.44,4644,1876,39790,1057,23785,1040,83.67,88219,73815,1.54,0.09,0.56,1139,69,415
135,CATAMARCA_AMBATO,"Ambato, Catamarca",FRENTE DE TODOS,9.23,0.54,65.52,0.34,23.62,0.75,358,21,2541,13,916,29,84.55,4932,4170,6.45,0.38,0.17,269,16,7
,CATAMARCA_ANTOFAGASTA DE LA SIERRA,"Antofagasta de la Sierra, Catamarca",,0,0,0,0,0,0,0,0,0,0,0,0,0,0,0,0,0,0,0,0,0
136,CATAMARCA_ANCASTI,"Ancasti, Catamarca",FRENTE DE TODOS,1.24,1.09,61.98,0.19,34.98,0.52,26,23,1304,4,736,11,83.87,2914,2444,13.38,0.37,0.16,327,9,4
137,CATAMARCA_ANDALGALA,"Andalgala, Catamarca",FRENTE DE TODOS,2.59,1.3,57.89,0.83,36.62,0.77,271,136,6060,87,3834,81,78.22,14388,11254,6.19,0.2,0.59,697,22,66
138,CATAMARCA_BELEN,"Belen, Catamarca",FRENTE DE TODOS,2,1.09,55.96,0.52,39.7,0.73,325,177,9104,85,6458,119,80.2,21937,17594,6.71,0.1,0.72,1181,18,127
139,CATAMARCA_CAPAYAN,"Capayan, Catamarca",FRENTE DE TODOS,3.32,1.14,70.48,0.66,23.24,1.16,302,104,6402,60,2111,105,69.2,13877,9603,4.4,0.29,0.71,423,28,68
140,CATAMARCA_CAPITAL,"Capital, Catamarca",FRENTE DE TODOS,7.83,2.09,49.97,1.28,36.97,1.87,6931,1846,44224,1129,32722,1651,74.39,124829,92856,3.52,0.22,0.94,3273,205,875
141,CATAMARCA_EL ALTO,"El Alto, Catamarca",FRENTE DE TODOS,2.11,0.55,76.25,0.62,19.92,0.55,65,17,2350,19,614,17,84.85,3869,3283,5.48,0.52,0.12,180,17,4
142,CATAMARCA_FRAY MAMERTO ESQUIU,"Fray Mamerto Esquiu, Catamarca",FRENTE DE TODOS,4.58,1.75,55.89,0.8,35.93,1.05,396,151,4836,69,3109,91,84.07,11133,9360,6.59,0.29,0.68,617,27,64
143,CATAMARCA_LA PAZ,"La Paz, Catamarca",FRENTE DE TODOS,5.97,0.65,67.43,0.66,24.73,0.56,828,90,9355,92,3431,78,78.25,19035,14894,6.06,0.24,0.55,902,36,82
144,CATAMARCA_PACLIN,"Paclin, Catamarca",FRENTE DE TODOS,1.51,0.67,60.38,0.29,36.67,0.48,47,21,1882,9,1143,15,85.88,3939,3383,7.48,0.24,0.15,253,8,5
145,CATAMARCA_POMAN,"Poman, Catamarca",FRENTE DE TODOS,1.89,0.87,64.36,0.84,31.48,0.57,130,60,4436,58,2170,39,82.7,8938,7392,5.41,1.07,0.27,400,79,20
146,CATAMARCA_SANTA MARIA,"Santa Maria, Catamarca",FRENTE DE TODOS,5.16,1.61,58.22,0.71,33.16,1.15,755,235,8523,104,4854,168,80.26,19724,15831,6.71,0.13,0.69,1062,21,109
147,CATAMARCA_SANTA ROSA,"Santa Rosa, Catamarca",FRENTE DE TODOS,4.65,0.81,73.63,0.97,19.16,0.77,363,63,5745,76,1495,60,80.47,10199,8207,4.22,0.19,0.52,346,16,43
148,CATAMARCA_TINOGASTA,"Tinogasta, Catamarca",FRENTE DE TODOS,4.78,1.1,58.97,0.45,33.85,0.85,637,147,7865,60,4515,113,78.6,18341,14416,6.48,0.42,0.58,934,61,84
149,CATAMARCA_VALLE VIEJO,"Valle Viejo, Catamarca",FRENTE DE TODOS,5.33,1.55,54.57,0.76,36.42,1.38,958,278,9809,137,6546,248,79.07,23846,18855,3.64,0.21,0.81,686,40,153
150,CHACO_12 DE OCTUBRE,"12 De Octubre, Chaco",FRENTE DE TODOS,2.94,0.4,63.66,1.42,30.96,0.61,432,59,9339,209,4542,89,75.5,19709,14880,0.85,0.09,0.47,126,14,70
151,CHACO_2 DE ABRIL,"2 De Abril, Chaco",FRENTE DE TODOS,2.15,0.59,54.72,3.61,38.46,0.47,106,29,2696,178,1895,23,78.6,6355,4995,0.92,0.02,0.42,46,1,21
152,CHACO_25 DE MAYO,"25 De Mayo, Chaco",FRENTE DE TODOS,2.54,0.66,66.61,1.58,27.74,0.86,488,127,12775,303,5321,165,77.2,25134,19404,0.75,0.09,0.32,145,18,62
153,CHACO_9 DE JULIO,"9 De Julio, Chaco",FRENTE DE TODOS,3.47,0.55,55.39,1.32,38.58,0.69,634,101,10106,240,7039,126,75.68,24528,18562,0.99,0.12,0.59,184,22,110
154,CHACO_ALMIRANTE BROWN,"Almirante Brown, Chaco",FRENTE DE TODOS,1.44,0.49,63.61,2.55,31.57,0.34,299,102,13228,531,6565,70,71.63,29403,21060,0.87,0.04,0.35,184,8,73
155,CHACO_BERMEJO,"Bermejo, Chaco",FRENTE DE TODOS,3.82,0.79,68.69,1.7,24.23,0.77,708,146,12715,314,4486,142,78.57,23948,18816,1.24,0.11,0.27,234,20,51
156,CHACO_CHACABUCO,"Chacabuco, Chaco",FRENTE DE TODOS,2.94,0.68,49.31,2.35,44.11,0.61,627,145,10531,502,9419,131,78.42,27543,21600,0.59,0.06,0.49,128,12,105
157,CHACO_COMANDANTE FERNANDEZ,"Comandante Fernandez , Chaco",FRENTE DE TODOS,3.2,0.97,50.36,2.28,42.07,1.12,2023,616,31874,1446,26624,709,78,82520,64368,0.9,0.09,0.68,578,58,440
158,CHACO_FRAY JUSTO SANTA MARIA DE ORO,"Fray Justo Sta. Maria De Oro, Chaco",FRENTE DE TODOS,1.85,0.43,55.4,5.27,36.24,0.81,139,32,4160,396,2721,61,74.72,10169,7598,0.91,0.04,0.22,69,3,17
159,CHACO_GENERAL BELGRANO,"General Belgrano, Chaco",FRENTE DE TODOS,2.4,0.59,71.32,0.84,24.27,0.57,188,46,5589,66,1902,45,76.72,10339,7932,0.78,0.01,0.42,62,1,33
160,CHACO_GENERAL DONOVAN,"General Donovan, Chaco",FRENTE DE TODOS,3.14,0.9,66.79,2.68,25.57,0.91,310,89,6594,265,2525,90,82.02,12185,9994,0.73,0.02,0.46,73,2,46
161,CHACO_GENERAL GUEMES,"General Guemes, Chaco",FRENTE DE TODOS,2.02,0.63,67.65,2.82,26.32,0.56,946,296,31672,1318,12321,263,69.54,68607,47706,1.24,0.09,0.54,590,44,256
162,CHACO_INDEPENDENCIA,"Independencia, Chaco",FRENTE DE TODOS,2.01,0.59,65.87,2.38,28.64,0.51,264,78,8662,313,3767,67,71.83,18581,13347,0.76,0.28,0.43,102,37,57
163,CHACO_LIBERTAD,"Libertad, Chaco",FRENTE DE TODOS,3.71,1.26,62.83,1.73,29.44,1.03,321,109,5438,150,2548,89,83.31,10537,8778,1,0.03,0.36,88,3,32
164,CHACO_LIBERTADOR GENERAL SAN MARTIN,"Libertador Gral. San Martin, Chaco",FRENTE DE TODOS,2.77,0.81,65.15,1.32,29.18,0.77,1095,320,25796,523,11555,304,77.98,51395,40078,0.61,0.09,0.51,243,38,204
165,CHACO_MAIPU,"Maipu, Chaco",FRENTE DE TODOS,1.88,0.71,63.3,2.22,31.23,0.66,270,102,9078,319,4478,94,71.67,20300,14550,1.18,0.03,0.23,172,4,33
166,CHACO_MAYOR LUIS J. FONTANA,"Mayor L. J. Fontana, Chaco",FRENTE DE TODOS,3.73,0.9,54.59,3,36.79,0.98,1436,347,20992,1152,14148,376,78.21,49971,39081,1.19,0.05,0.37,466,18,146
167,CHACO_O'HIGGINS,"O'Higgins, Chaco",FRENTE DE TODOS,1.95,0.68,70.53,1.41,24.91,0.51,263,92,9509,190,3359,69,77.07,17754,13683,1.13,0.07,0.27,155,9,37
168,CHACO_PRESIDENCIA DE LA PLAZA,"Presidencia De La  Plaza, Chaco",FRENTE DE TODOS,3.05,0.57,64.01,1.89,29.87,0.61,250,47,5252,155,2451,50,77.24,10766,8316,0.73,0.14,0.46,61,12,38
169,CHACO_1° DE MAYO,"Primero De Mayo, Chaco",FRENTE DE TODOS,4,0.77,58.15,1.9,34.26,0.92,356,69,5181,169,3052,82,82.42,10930,9009,0.61,0.06,0.44,55,5,40
170,CHACO_QUITILIPI,"Quitilipi, Chaco",FRENTE DE TODOS,5.14,0.94,57.98,1.7,33.3,0.94,1034,190,11672,343,6703,189,73.37,27740,20354,0.78,0.06,0.26,159,12,52
171,CHACO_SAN FERNANDO,"San Fernando, Chaco",FRENTE DE TODOS,5.26,1.29,47.18,3.88,40.78,1.6,14462,3553,129638,10661,112045,4392,80.91,345627,279641,0.75,0.12,0.89,2089,325,2476
172,CHACO_SAN LORENZO,"San Lorenzo , Chaco",FRENTE DE TODOS,2.39,0.64,70.25,4.46,21.76,0.5,230,62,6764,429,2095,48,76.1,12849,9778,1,0.12,0.41,98,12,40
173,CHACO_SARGENTO CABRAL,"Sargento Cabral , Chaco",FRENTE DE TODOS,2.35,0.81,70.18,1.55,24.56,0.56,285,98,8513,188,2979,68,80.26,15322,12298,1.12,0.07,0.16,138,9,20
174,CHACO_TAPENAGA,"Tapenaga, Chaco",FRENTE DE TODOS,1.37,0.52,63.96,4.73,29.17,0.26,32,12,1489,110,679,6,73.82,3208,2368,1.44,0.08,0.17,34,2,4
175,CHUBUT_BIEDMA,"Biedma, Chubut",FRENTE DE TODOS,8.23,4.51,49.77,5.2,29.36,2.93,4396,2409,26590,2778,15688,1566,78.26,70332,55045,0.97,0.07,1.9,534,37,1047
176,CHUBUT_CUSHAMEN,"Cushamen, Chubut",FRENTE DE TODOS,4.6,3.63,63.49,5.32,21.46,1.5,773,609,10663,894,3605,252,76.39,23138,17676,2.77,0.2,2,490,36,354
177,CHUBUT_ESCALANTE,"Escalante, Chubut",FRENTE DE TODOS,6.73,3.49,54.18,2.79,30.24,2.57,7695,3985,61957,3187,34578,2943,77.39,153717,118961,2.16,0.09,1.63,2573,104,1939
178,CHUBUT_FLORENTINO AMEGHINO,"F. Ameghino, Chubut",FRENTE DE TODOS,3.19,3.19,56.45,12.52,23.5,1.15,25,25,442,98,184,9,82.64,1158,957,16.51,0.63,1.04,158,6,10
179,CHUBUT_FUTALEUFU,"Futaleufu, Chubut",FRENTE DE TODOS,8.38,4.43,49.07,5.3,30.64,2.17,2347,1242,13746,1485,8582,609,75.17,38553,28981,1.76,0.09,1.49,510,27,433
180,CHUBUT_GAIMAN,"Gaiman, Chubut",FRENTE DE TODOS,7.82,3.33,48.05,3.78,35.03,1.98,572,244,3517,277,2564,145,78.59,9856,7746,3.94,0.4,1.17,305,31,91
181,CHUBUT_GASTRE,"Gastre, Chubut",FRENTE DE TODOS,7.12,2.67,69.73,5.04,13.35,2.08,24,9,235,17,45,7,58.17,600,349,2.29,0,1.15,8,0,4
182,CHUBUT_LANGUIÑEO,"Languiñeo, Chubut",FRENTE DE TODOS,5.77,3.23,63.78,1.85,23.99,1.38,50,28,553,16,208,12,67.34,1344,905,2.76,0.88,0.55,25,8,5
183,CHUBUT_MARTIRES,"Martires, Chubut",FRENTE DE TODOS,8.23,3.24,63.09,3.99,20.7,0.75,33,13,253,16,83,3,66.5,618,411,1.22,0.24,0.97,5,1,4
184,CHUBUT_PASO DE INDIOS,"Paso De Los Indios, Chubut",FRENTE DE TODOS,7.95,7.17,46.71,1.94,34.11,2.13,41,37,241,10,176,11,71.11,751,534,1.5,0,1.87,8,0,10
185,CHUBUT_RAWSON,"Rawson, Chubut",FRENTE DE TODOS,9.12,4.56,48.56,5.18,30.11,2.47,7647,3824,40719,4347,25247,2074,79.18,110342,87373,2.16,0.17,1.69,1890,150,1475
186,CHUBUT_RIO SENGUER,"Rio Senger, Chubut",FRENTE DE TODOS,3.81,2.57,63.48,3.07,26.04,1.02,123,83,2048,99,840,33,69.36,5053,3505,6.68,0.29,1,234,10,35
187,CHUBUT_SARMIENTO,"Sarmiento, Chubut",FRENTE DE TODOS,6.13,2.15,53.9,5.68,30.44,1.7,425,149,3738,394,2111,118,74.1,10075,7466,5.65,0.2,1.26,422,15,94
188,CHUBUT_TEHUELCHES,"Tehuelches, Chubut",FRENTE DE TODOS,4.54,1.86,68.17,3.38,21.11,0.93,156,64,2341,116,725,32,72.3,5028,3635,4.43,0.14,0.96,161,5,35
189,CHUBUT_TELSEN,"Telsen, Chubut",FRENTE DE TODOS,9.18,2.9,58.45,5.8,23.67,0,19,6,121,12,49,0,68.93,309,213,1.88,0,0.94,4,0,2
190,CIUDAD AUTONOMA DE BUENOS AIRES_COMUNA 1,"Comuna 1, Ciudad Autonoma De Buenos Aires",JUNTOS POR EL CAMBIO,5.18,2.73,37.41,0.82,52.1,1.76,6559,3454,47335,1040,65919,2222,73.17,176817,129374,1.48,0.05,0.67,1915,62,868
191,CIUDAD AUTONOMA DE BUENOS AIRES_COMUNA 10,"Comuna 10, Ciudad Autonoma De Buenos Aires",JUNTOS POR EL CAMBIO,8.24,3.13,37.3,0.68,48.43,2.22,9787,3723,44308,802,57531,2632,82.43,147632,121689,1.53,0.04,0.82,1867,46,993
192,CIUDAD AUTONOMA DE BUENOS AIRES_COMUNA 11,"Comuna 11, Ciudad Autonoma De Buenos Aires",JUNTOS POR EL CAMBIO,7.66,2.89,34.06,0.62,52.69,2.08,10682,4034,47463,858,73435,2893,82.67,172674,142756,1.55,0.04,0.79,2215,55,1121
193,CIUDAD AUTONOMA DE BUENOS AIRES_COMUNA 12,"Comuna 12, Ciudad Autonoma De Buenos Aires",JUNTOS POR EL CAMBIO,7,3.02,32.88,0.58,54.59,1.93,10755,4644,50543,894,83923,2962,82.78,189856,157157,1.43,0.04,0.72,2249,58,1129
194,CIUDAD AUTONOMA DE BUENOS AIRES_COMUNA 13,"Comuna 13, Ciudad Autonoma De Buenos Aires",JUNTOS POR EL CAMBIO,5.28,2.39,23.72,0.5,66.52,1.6,9088,4115,40819,862,114485,2746,80.17,218884,175490,1.35,0.03,0.55,2367,46,962
195,CIUDAD AUTONOMA DE BUENOS AIRES_COMUNA 14,"Comuna 14, Ciudad Autonoma De Buenos Aires",JUNTOS POR EL CAMBIO,4.76,2.28,24.85,0.48,66.11,1.51,7678,3684,40082,781,106615,2434,78.19,210288,164420,1.29,0.04,0.58,2129,69,948
196,CIUDAD AUTONOMA DE BUENOS AIRES_COMUNA 15,"Comuna 15, Ciudad Autonoma De Buenos Aires",JUNTOS POR EL CAMBIO,6.88,3.55,40.11,0.6,47.03,1.83,8895,4598,51892,774,60835,2365,80.24,165334,132666,1.64,0.06,0.79,2180,81,1046
197,CIUDAD AUTONOMA DE BUENOS AIRES_COMUNA 2,"Comuna 2, Ciudad Autonoma De Buenos Aires",JUNTOS POR EL CAMBIO,4.31,1.93,20.69,0.65,71.07,1.35,4683,2092,22456,704,77151,1466,77.25,142868,110368,1.12,0.04,0.49,1231,49,536
198,CIUDAD AUTONOMA DE BUENOS AIRES_COMUNA 3,"Comuna 3, Ciudad Autonoma De Buenos Aires",JUNTOS POR EL CAMBIO,6.5,3.46,39.75,0.85,47.41,2.04,7665,4085,46903,998,55944,2408,76.34,158262,120810,1.5,0.06,0.76,1813,70,924
199,CIUDAD AUTONOMA DE BUENOS AIRES_COMUNA 4,"Comuna 4, Ciudad Autonoma De Buenos Aires",FRENTE DE TODOS,6.53,3.23,46.21,0.89,41.27,1.87,9001,4444,63672,1220,56859,2583,79.66,177571,141450,1.77,0.03,0.8,2499,46,1126
200,CIUDAD AUTONOMA DE BUENOS AIRES_COMUNA 5,"Comuna 5, Ciudad Autonoma De Buenos Aires",JUNTOS POR EL CAMBIO,6.94,3.56,39.4,0.63,47.49,1.98,8664,4451,49196,787,59291,2467,80.45,158815,127773,1.5,0.05,0.73,1919,64,934
201,CIUDAD AUTONOMA DE BUENOS AIRES_COMUNA 6,"Comuna 6, Ciudad Autonoma De Buenos Aires",JUNTOS POR EL CAMBIO,6.78,3.13,33.25,0.5,54.49,1.86,8723,4022,42774,640,70103,2398,82.15,160104,131519,1.48,0.04,0.66,1947,47,865
202,CIUDAD AUTONOMA DE BUENOS AIRES_COMUNA 7,"Comuna 7, Ciudad Autonoma De Buenos Aires",JUNTOS POR EL CAMBIO,7.13,2.98,39.04,0.74,48.02,2.11,9733,4062,53300,1004,65556,2877,80.56,173719,139941,1.62,0.05,0.77,2263,64,1082
203,CIUDAD AUTONOMA DE BUENOS AIRES_COMUNA 8,"Comuna 8, Ciudad Autonoma De Buenos Aires",FRENTE DE TODOS,6.67,2.89,51.57,1.03,35.86,1.99,7420,3213,57387,1147,39903,2211,81.06,141183,114444,1.82,0.03,0.91,2083,37,1043
204,CIUDAD AUTONOMA DE BUENOS AIRES_COMUNA 9,"Comuna 9, Ciudad Autonoma De Buenos Aires",JUNTOS POR EL CAMBIO,8.03,2.9,41.59,0.89,44.28,2.32,9462,3419,49028,1048,52200,2740,82.37,146578,120742,1.54,0.05,0.76,1865,63,917
205,CORDOBA_CALAMUCHITA,"Calamuchita, Cordoba",JUNTOS POR EL CAMBIO,5.38,1.93,33.92,1.67,55.75,1.36,2223,797,14020,689,23041,561,79.23,53868,42677,1.9,0.01,1.25,810,4,532
206,CORDOBA_CAPITAL,"Capital, Cordoba",JUNTOS POR EL CAMBIO,4.55,2.03,24.38,1.37,66.32,1.34,38858,17285,208102,11724,566018,11447,79.13,1111038,879215,1.71,0.08,1.14,15055,687,10039
207,CORDOBA_COLON,"Colon, Cordoba",JUNTOS POR EL CAMBIO,4.4,1.68,25.72,1.11,65.91,1.18,7923,3020,46311,1992,118659,2133,80.38,230853,185557,1.73,0.03,1.21,3214,62,2243
208,CORDOBA_CRUZ DEL EJE,"Cruz Del Eje, Cordoba",FRENTE DE TODOS,3.94,1.11,51.75,1.43,41.06,0.72,1449,409,19046,525,15112,264,75.29,50209,37804,1.71,0.05,0.88,645,20,334
209,CORDOBA_GENERAL ROCA,"General Roca, Cordoba",JUNTOS POR EL CAMBIO,4.89,0.84,36.64,1.07,55.46,1.1,1065,183,7978,233,12076,240,77.64,28800,22360,1.71,0.17,0.74,383,37,165
210,CORDOBA_GENERAL SAN MARTIN,"General San Martin, Cordoba",JUNTOS POR EL CAMBIO,5.55,1.5,37.3,2.53,51.49,1.63,4958,1342,33312,2264,45989,1452,79.35,115394,91565,1.5,0.03,0.92,1373,31,844
211,CORDOBA_ISCHILIN,"Ischilin, Cordoba",JUNTOS POR EL CAMBIO,4.46,1.16,41.51,1.26,50.8,0.81,936,244,8721,265,10671,170,77.66,27807,21596,1.7,0.02,1,368,5,216
212,CORDOBA_JUAREZ CELMAN,"Juarez Celman, Cordoba",JUNTOS POR EL CAMBIO,5.54,1.42,33.54,1.83,56.35,1.33,2280,583,13813,754,23206,549,80.16,52854,42369,1.76,0.01,1.03,744,3,437
213,CORDOBA_MARCOS JUAREZ,"Marcos Juarez, Cordoba",JUNTOS POR EL CAMBIO,5.97,1.15,31.48,1.39,58.42,1.58,4079,788,21500,947,39897,1079,80.13,87554,70155,2.06,0.04,0.55,1448,31,386
214,CORDOBA_MINAS,"Minas, Cordoba",FRENTE DE TODOS,4.32,1.04,57.92,0.72,35.57,0.43,150,36,2011,25,1235,15,70.57,5077,3583,2.4,0,0.7,86,0,25
215,CORDOBA_POCHO,"Pocho, Cordoba",FRENTE DE TODOS,2.83,1.13,48.45,2.45,44.8,0.35,90,36,1543,78,1427,11,69.28,4815,3336,3.84,0,0.69,128,0,23
216,CORDOBA_PUNILLA,"Punilla, Cordoba",JUNTOS POR EL CAMBIO,5.01,2.15,28.88,1.61,60.79,1.55,6549,2815,37765,2110,79496,2033,77.81,173019,134622,1.46,0.04,1.36,1967,60,1827
217,CORDOBA_RIO CUARTO,"Rio Cuarto, Cordoba",JUNTOS POR EL CAMBIO,6.79,1.43,31.9,1.48,57.02,1.37,11287,2379,53064,2469,94844,2279,80.16,213939,171486,1.61,0.05,1.36,2759,80,2325
218,CORDOBA_RIO PRIMERO,"Rio Primero, Cordoba",JUNTOS POR EL CAMBIO,3.68,0.91,28.25,0.96,65.22,0.98,1210,298,9284,314,21433,323,81.46,41838,34081,2,0.85,0.72,682,291,246
219,CORDOBA_RIO SECO,"Rio Seco, Cordoba",JUNTOS POR EL CAMBIO,3.41,0.61,45.23,0.98,49.39,0.38,302,54,4009,87,4378,34,74.03,12395,9176,2.36,0,1.04,217,0,95
220,CORDOBA_RIO SEGUNDO,"Rio Segundo, Cordoba",JUNTOS POR EL CAMBIO,5.13,1.17,28.59,1.3,62.57,1.23,3755,859,20913,954,45771,901,82.22,91744,75429,1.98,0.04,1,1490,29,757
221,CORDOBA_PRESIDENTE ROQUE SAENZ PEÑA,"Roque Saenz Pena, Cordoba",JUNTOS POR EL CAMBIO,5.17,1.39,33.52,1.07,57.52,1.34,1225,330,7950,253,13642,317,78.73,30965,24378,1.8,0.05,0.86,440,12,209
222,CORDOBA_SAN ALBERTO,"San Alberto, Cordoba",JUNTOS POR EL CAMBIO,4.85,1.72,41.96,1.76,48.75,0.97,1295,459,11203,471,13016,258,78.48,35307,27710,2.46,0.06,1.12,681,17,310
223,CORDOBA_SAN JAVIER,"San Javier, Cordoba",FRENTE DE TODOS,4.38,1.7,45.99,1.51,45.48,0.92,1618,629,16972,557,16784,341,77.99,49144,38329,2.56,0.05,1.11,982,20,426
224,CORDOBA_SAN JUSTO,"San Justo, Cordoba",JUNTOS POR EL CAMBIO,6.08,1.08,30.98,1.19,59.02,1.63,8532,1522,43475,1675,82822,2294,79.74,180738,144116,1.66,0.01,0.96,2393,16,1387
225,CORDOBA_SANTA MARIA,"Santa Maria, Cordoba",JUNTOS POR EL CAMBIO,5.11,1.55,27.31,1.16,63.67,1.2,3887,1179,20794,884,48479,914,80.99,97328,78822,2.1,0.04,1.27,1654,29,1002
226,CORDOBA_SOBREMONTE,"Sobremonte, Cordoba",FRENTE DE TODOS,2.4,0.43,53.59,0.36,42.85,0.36,73,13,1627,11,1301,11,74.32,4248,3157,3.01,0,0.82,95,0,26
227,CORDOBA_TERCERO ARRIBA,"Tercero Arriba, Cordoba",JUNTOS POR EL CAMBIO,5.79,1.39,28.71,1.6,60.85,1.65,4487,1081,22253,1240,47159,1280,80.57,98797,79597,1.66,0.02,0.95,1325,17,755
228,CORDOBA_TOTORAL,"Totoral, Cordoba",JUNTOS POR EL CAMBIO,3.47,0.85,32.64,0.94,61.19,0.92,471,115,4433,127,8309,125,80.43,17313,13924,1.78,0.03,0.66,248,4,92
229,CORDOBA_TULUMBA,"Tulumba, Cordoba",JUNTOS POR EL CAMBIO,3.4,0.93,44.58,0.74,49.71,0.63,302,83,3959,66,4414,56,74.82,12208,9134,1.81,0.03,0.94,165,3,86
230,CORDOBA_UNION,"Union, Cordoba",JUNTOS POR EL CAMBIO,5.28,1.17,34.59,1.34,56.28,1.35,3718,823,24376,943,39655,951,76.98,93985,72352,1.84,0.01,0.75,1334,9,543
231,CORRIENTES_BELLA VISTA,"Bella Vista, Corrientes",FRENTE DE TODOS,2.88,0.73,58.54,1.18,35.68,0.99,622,159,12663,255,7719,215,82.89,26425,21905,0.57,0.06,0.62,124,13,135
232,CORRIENTES_BERON DE ASTRADA,"Beron De Astrada, Corrientes",FRENTE DE TODOS,1.06,0.85,53.5,0.58,43.58,0.42,20,16,1008,11,821,8,77.45,2461,1906,0.73,0.05,0.37,14,1,7
233,CORRIENTES_CAPITAL,"Capital, Corrientes",JUNTOS POR EL CAMBIO,4.12,1.35,39.04,2.43,51.6,1.46,9217,3015,87273,5439,115357,3268,83.1,273880,227590,0.51,0.14,1.11,1155,330,2536
234,CORRIENTES_CONCEPCION,"Concepcion, Corrientes",FRENTE DE TODOS,2.16,0.83,65.81,1.25,29.47,0.48,240,92,7301,139,3269,53,80.07,14066,11263,0.65,0.05,0.8,73,6,90
235,CORRIENTES_CURUZU CUATIA,"Curuzu Cuatia, Corrientes",FRENTE DE TODOS,2.97,1.07,55.58,1.66,37.74,0.97,661,238,12350,369,8386,216,77.7,29050,22573,0.51,0.35,0.7,115,79,159
236,CORRIENTES_EMPEDRADO,"Empedrado, Corrientes",FRENTE DE TODOS,3.42,1.15,55.77,1.16,37.95,0.54,315,106,5132,107,3492,50,79.54,11774,9365,0.53,0.05,1.15,50,5,108
237,CORRIENTES_ESQUINA,"Esquina, Corrientes",FRENTE DE TODOS,2.96,0.68,61.1,1.47,33.14,0.65,499,115,10294,247,5583,109,73.63,23203,17084,0.71,0.15,0.53,122,25,90
238,CORRIENTES_GENERAL ALVEAR,"General Alvear, Corrientes",FRENTE DE TODOS,1.88,0.35,57.36,1.34,38.37,0.7,80,15,2447,57,1637,30,72.41,5955,4312,0.49,0.07,0.51,21,3,22
239,CORRIENTES_GENERAL PAZ,"General Paz, Corrientes",FRENTE DE TODOS,1.7,0.55,57.29,0.93,38.8,0.72,141,46,4753,77,3219,60,78.17,10733,8390,0.55,0.05,0.52,46,4,44
240,CORRIENTES_GOYA,"Goya, Corrientes",FRENTE DE TODOS,3.4,0.96,59.21,1.33,34.12,0.98,1709,484,29780,668,17160,494,81.54,62593,51037,0.57,0.04,0.84,293,21,428
241,CORRIENTES_ITATI,"Itati, Corrientes",FRENTE DE TODOS,1.87,0.51,56.77,0.53,39.93,0.39,109,30,3314,31,2331,23,74.95,7860,5891,0.32,0.1,0.48,19,6,28
242,CORRIENTES_ITUZAINGO,"Ituzaingo, Corrientes",FRENTE DE TODOS,2.46,0.78,51.42,1.78,42.75,0.82,501,158,10474,362,8709,167,78.43,26427,20726,0.64,0.08,0.99,133,17,205
243,CORRIENTES_LAVALLE,"Lavalle, Corrientes",FRENTE DE TODOS,1.9,0.43,70.29,0.99,25.96,0.43,332,75,12299,174,4543,75,82.13,21700,17822,1.03,0.19,0.59,184,34,106
244,CORRIENTES_MBURUCUYA,"Mburucuya, Corrientes",FRENTE DE TODOS,1.21,0.45,64.69,0.9,32.06,0.68,62,23,3313,46,1642,35,80.28,6471,5195,0.64,0.12,0.67,33,6,35
245,CORRIENTES_MERCEDES,"Mercedes, Corrientes",FRENTE DE TODOS,2.64,0.77,54.83,1.3,39.75,0.7,662,194,13744,327,9963,175,80.63,31825,25662,1.42,0.18,0.72,365,46,186
246,CORRIENTES_MONTE CASEROS,"Monte Caseros, Corrientes",FRENTE DE TODOS,3.65,0.94,53.68,1.69,39.13,0.91,709,182,10425,329,7599,176,78.59,25003,19651,0.59,0.06,0.53,115,11,105
247,CORRIENTES_PASO DE LOS LIBRES,"Paso De Los Libres, Corrientes",FRENTE DE TODOS,2.44,0.74,58.05,2.75,35.22,0.8,670,204,15952,755,9678,219,76.06,36809,27996,1.06,0.06,0.72,298,18,202
248,CORRIENTES_SALADAS,"Saladas, Corrientes",FRENTE DE TODOS,2.32,0.58,63.16,1.56,31.71,0.68,287,72,7818,193,3925,84,81.59,15461,12614,0.96,0.07,0.83,121,9,105
249,CORRIENTES_SAN COSME,"San Cosme, Corrientes",JUNTOS POR EL CAMBIO,2.44,0.7,40.48,1.34,54.21,0.83,296,85,4903,162,6566,100,80.43,15241,12259,0.33,0.08,0.78,41,10,96
250,CORRIENTES_SAN LUIS DEL PALMAR,"San Luis Del Palmar, Corrientes",FRENTE DE TODOS,1.83,0.71,58.46,1.37,36.79,0.84,227,88,7271,171,4576,104,83.17,15329,12749,1.3,0.53,0.62,166,67,79
251,CORRIENTES_SAN MARTIN,"San Martin, Corrientes",FRENTE DE TODOS,1.32,0.55,54.06,1.16,42.39,0.52,104,43,4244,91,3328,41,75.66,10534,7970,1.19,0.03,0.28,95,2,22
252,CORRIENTES_SAN MIGUEL,"San Miguel, Corrientes",FRENTE DE TODOS,1.2,0.53,72.42,1.37,24.1,0.39,93,41,5618,106,1870,30,83.33,9458,7881,0.88,0.08,0.61,69,6,48
253,CORRIENTES_SAN ROQUE,"San Roque, Corrientes",FRENTE DE TODOS,1.36,0.5,68.1,0.58,29.04,0.43,162,59,8105,69,3456,51,80.11,15089,12088,0.89,0.12,0.54,107,14,65
254,CORRIENTES_SANTO TOME,"Santo Tome, Corrientes",FRENTE DE TODOS,2.84,0.77,52.11,2.02,41.38,0.89,966,262,17736,686,14086,302,80.25,43294,34745,0.94,0.12,0.97,328,43,336
255,CORRIENTES_SAUCE,"Sauce, Corrientes",FRENTE DE TODOS,2.29,0.42,61.34,1.36,34,0.58,114,21,3058,68,1695,29,73.79,6872,5071,0.59,0.26,0.85,30,13,43
256,ENTRE RIOS_COLON,"Colon, Entre Rios",JUNTOS POR EL CAMBIO,6.81,1.86,43.05,1.77,44.8,1.71,2950,805,18652,766,19409,741,79.27,55508,44000,0.6,0.02,0.91,265,10,402
257,ENTRE RIOS_CONCORDIA,"Concordia, Entre Rios",FRENTE DE TODOS,4.65,1.55,52.29,2.04,37.99,1.48,5276,1765,59363,2315,43122,1680,81.42,141631,115320,0.67,0.04,0.86,770,43,986
258,ENTRE RIOS_DIAMANTE,"Diamante, Entre Rios",JUNTOS POR EL CAMBIO,6.7,1.25,37.91,1.2,50.96,1.97,2134,399,12082,383,16242,629,77.93,41576,32399,0.66,0.03,0.94,215,9,306
259,ENTRE RIOS_FEDERACION,"Federacion, Entre Rios",JUNTOS POR EL CAMBIO,4.41,1.17,43.22,1.93,47.74,1.52,2166,577,21240,949,23460,749,82.82,60324,49959,0.83,0.05,0.76,414,25,379
260,ENTRE RIOS_FEDERAL,"Federal, Entre Rios",FRENTE DE TODOS,3.22,0.93,58.68,1.19,34.86,1.13,605,174,11035,224,6555,212,80.68,23700,19121,0.99,0.02,0.64,189,4,123
261,ENTRE RIOS_FELICIANO,"Feliciano, Entre Rios",FRENTE DE TODOS,3.18,0.8,60.23,1.24,34.05,0.51,323,81,6125,126,3463,52,78.67,13134,10332,0.79,0.06,0.72,82,6,74
262,ENTRE RIOS_GUALEGUAY,"Gualeguay, Entre Rios",JUNTOS POR EL CAMBIO,6.25,1.6,41.83,1.71,47.17,1.44,2245,575,15027,615,16947,518,79.74,45772,36499,0.84,0.08,0.65,306,28,238
263,ENTRE RIOS_GUALEGUAYCHU,"Gualeguaychu, Entre Rios",JUNTOS POR EL CAMBIO,6.67,1.76,39.76,1.62,48.54,1.65,5374,1420,32016,1303,39087,1331,83.64,97748,81757,0.65,0.03,0.82,531,23,672
264,ENTRE RIOS_ISLAS DEL IBICUY,"Islas Del Ibicuy, Entre Rios",FRENTE DE TODOS,4.66,1.67,55.02,1.8,35.98,0.87,430,154,5075,166,3319,80,80.02,11701,9363,0.72,0,0.77,67,0,72
265,ENTRE RIOS_LA PAZ,"La Paz, Entre Rios",FRENTE DE TODOS,4.26,1,55.76,1.8,36.13,1.05,1909,450,25004,808,16203,469,78.77,57806,45536,0.69,0.1,0.73,316,44,333
266,ENTRE RIOS_NOGOYA,"Nogoya, Entre Rios",FRENTE DE TODOS,7.23,1.5,44.64,1.09,44.26,1.28,1938,401,11958,291,11858,343,80.34,33824,27173,0.84,0.03,0.54,229,8,147
267,ENTRE RIOS_PARANA,"Parana, Entre Rios",JUNTOS POR EL CAMBIO,7.65,1.91,39.92,1.7,46.85,1.97,18816,4692,98142,4170,115159,4843,82.06,305554,250733,0.85,0.06,1.06,2122,140,2649
268,ENTRE RIOS_SAN SALVADOR,"San Salvador, Entre Rios",JUNTOS POR EL CAMBIO,4.45,0.86,43.96,1.48,48.21,1.04,588,114,5808,196,6370,137,82.69,16335,13507,1.49,0.01,0.67,201,2,91
269,ENTRE RIOS_TALA,"Tala, Entre Rios",FRENTE DE TODOS,6.25,1.43,45.26,1.5,44.18,1.38,1164,267,8427,280,8226,257,78.62,24126,18969,0.91,0.05,0.87,173,10,165
270,ENTRE RIOS_URUGUAY,"Uruguay, Entre Rios",JUNTOS POR EL CAMBIO,6.78,2.32,41.68,1.54,46.11,1.58,4665,1595,28701,1058,31748,1087,80.95,86427,69964,0.66,0.04,0.89,463,25,622
271,ENTRE RIOS_VICTORIA,"Victoria, Entre Rios",JUNTOS POR EL CAMBIO,7.89,1.51,42.83,0.95,45.42,1.41,1935,370,10509,234,11145,346,79.63,31209,24853,0.58,0.02,0.66,145,5,164
272,ENTRE RIOS_VILLAGUAY,"Villaguay, Entre Rios",FRENTE DE TODOS,5.13,1.63,47.59,1.92,42.36,1.38,1594,507,14797,596,13173,428,77.78,40709,31662,0.87,0.06,0.86,275,19,273
273,FORMOSA_BERMEJO,"Bermejo, Formosa",FRENTE DE TODOS,1.19,0.35,77.82,0.9,19.29,0.45,106,31,6927,80,1717,40,72.62,12394,9000,0.8,0.13,0.17,72,12,15
274,FORMOSA_FORMOSA,"Formosa, Formosa",FRENTE DE TODOS,4.8,1.32,55.53,2.02,35.2,1.14,7332,2011,84899,3091,53818,1737,79.93,194852,155739,0.89,0.11,0.82,1393,175,1283
275,FORMOSA_LAISHI,"Laishi, Formosa",FRENTE DE TODOS,2.42,0.55,72.66,0.97,22.98,0.42,314,72,9441,126,2986,54,80.81,16324,13192,0.75,0.26,0.5,99,34,66
276,FORMOSA_MATACOS,"Matacos, Formosa",FRENTE DE TODOS,1.63,0.5,77.85,1.27,18.21,0.54,147,45,7035,115,1646,49,73.03,12548,9164,0.67,0.26,0.46,61,24,42
277,FORMOSA_PATIÑO,"Patiño, Formosa",FRENTE DE TODOS,1.64,0.72,72.42,1.17,23.69,0.35,742,328,32833,532,10742,158,75.32,60925,45888,0.59,0.17,0.44,273,77,203
278,FORMOSA_PILAGAS,"Pilagas, Formosa",FRENTE DE TODOS,1.45,0.51,78.4,1.19,17.98,0.47,181,63,9762,148,2239,58,78.33,16056,12577,0.45,0.09,0.47,56,11,59
279,FORMOSA_PILCOMAYO,"Pilcomayo, Formosa",FRENTE DE TODOS,1.97,0.56,73.06,0.87,22.89,0.65,1080,305,39987,474,12528,357,76.93,72152,55505,0.62,0.16,0.62,342,87,345
280,FORMOSA_PIRANE,"Pirane, Formosa",FRENTE DE TODOS,2.23,0.7,68.93,1.96,25.51,0.66,921,288,28408,808,10515,272,77.41,54012,41811,0.76,0.07,0.6,317,31,251
281,FORMOSA_RAMON LISTA,"Ramon Lista, Formosa",FRENTE DE TODOS,0.76,0.3,72.74,0.52,25.5,0.18,60,24,5733,41,2010,14,74.62,10665,7958,0.63,0.23,0.1,50,18,8
282,JUJUY_COCHINOCA,"Cochinoca, Jujuy",FRENTE DE TODOS,6.48,2.96,56.61,3.98,28.2,1.78,518,237,4528,318,2256,142,77.99,10514,8200,0.96,0.07,1.41,79,6,116
283,JUJUY_EL CARMEN,"El Carmen, Jujuy",FRENTE DE TODOS,6.18,1.91,46.26,3,41,1.65,3880,1201,29040,1884,25739,1033,84.26,75748,63824,0.63,0.07,0.94,401,47,599
284,JUJUY_DOCTOR MANUEL BELGRANO,"General Belgrano, Jujuy",JUNTOS POR EL CAMBIO,6.38,2.11,37.33,2.27,49.57,2.34,11013,3633,64416,3919,85528,4036,81.88,214719,175803,0.69,0.05,1.1,1221,96,1941
285,JUJUY_HUMAHUACA,"Humahuaca, Jujuy",FRENTE DE TODOS,7.42,3.75,57.84,2.73,26.41,1.85,814,411,6343,299,2896,203,78.21,14415,11274,1.21,0.06,1.46,136,7,165
286,JUJUY_LEDESMA,"Ledesma, Jujuy",FRENTE DE TODOS,4.84,1.87,56.14,1.78,34.14,1.23,2508,971,29104,924,17701,636,81.13,65266,52948,0.97,0.05,1.07,512,27,565
287,JUJUY_PALPALA,"Palpala, Jujuy",FRENTE DE TODOS,7.81,2.56,42.64,2.62,41.57,2.8,2813,921,15356,943,14968,1010,84.05,43625,36668,0.7,0.04,1.06,257,13,387
288,JUJUY_RINCONADA,"Rinconada, Jujuy",FRENTE DE TODOS,4.65,1.33,62.05,2.47,28.46,1.04,49,14,654,26,300,11,70.14,1544,1083,1.48,0,1.2,16,0,13
289,JUJUY_SAN ANTONIO,"San Antonio, Jujuy",JUNTOS POR EL CAMBIO,5.5,1.37,40.61,2.83,48.31,1.37,192,48,1419,99,1688,48,81.24,4403,3577,0.95,0.2,1.17,34,7,42
290,JUJUY_SAN PEDRO,"San Pedro, Jujuy",FRENTE DE TODOS,5,1.76,54.63,1.93,35.15,1.53,2552,899,27913,986,17956,784,82.46,63114,52042,0.87,0.04,0.92,455,19,478
291,JUJUY_SANTA BARBARA,"Santa Barbara, Jujuy",FRENTE DE TODOS,3.21,0.99,60.31,1.82,33.14,0.53,368,113,6904,208,3794,61,81.74,14215,11619,0.64,0.04,0.79,74,5,92
292,JUJUY_SANTA CATALINA,"Santa Catalina, Jujuy",FRENTE DE TODOS,2.83,1.12,66.33,2.24,26.25,1.23,53,21,1243,42,492,23,73.39,2634,1933,2.07,0,0.98,40,0,19
293,JUJUY_SUSQUES,"Susques, Jujuy",FRENTE DE TODOS,4.59,5.2,53.28,1.88,33.93,1.14,105,119,1220,43,777,26,75.06,3144,2360,1.23,0.21,1.53,29,5,36
294,JUJUY_TILCARA,"Tilcara, Jujuy",FRENTE DE TODOS,4.99,2.04,57.26,2.74,31.4,1.57,412,168,4726,226,2592,130,81.14,10421,8456,1.08,0.09,1.22,91,8,103
295,JUJUY_TUMBAYA,"Tumbaya, Jujuy",FRENTE DE TODOS,4.78,1.49,50.69,1.1,40.9,1.04,170,53,1801,39,1453,37,83,4342,3604,0.75,0.03,0.64,27,1,23
296,JUJUY_VALLE GRANDE,"Valle Grande, Jujuy",JUNTOS POR EL CAMBIO,0.49,0.16,37.6,0,61.59,0.16,3,1,232,0,380,1,75.55,822,621,0.48,0,0.16,3,0,1
297,JUJUY_YAVI,"Yavi, Jujuy",FRENTE DE TODOS,6.79,2.5,58.27,3.04,27.2,2.2,853,314,7321,382,3417,277,73.73,17531,12925,1.32,0.02,1.45,171,3,187
298,LA PAMPA_ATREUCO,"Atreuco, La Pampa",FRENTE DE TODOS,6.1,1.45,46.84,1.06,43.17,1.39,467,111,3584,81,3303,106,83.37,9318,7768,0.71,0.03,0.76,55,2,59
299,LA PAMPA_CALEU CALEU,"Caleu Caleu, La Pampa",FRENTE DE TODOS,4.96,1.15,66.11,1.45,24.58,1.76,65,15,866,19,322,23,81.31,1632,1327,0.45,0,0.83,6,0,11
300,LA PAMPA_CAPITAL,"Capital, La Pampa",FRENTE DE TODOS,6.83,2.48,54.27,1.8,32.84,1.79,4944,1793,39292,1300,23781,1294,80.98,90939,73645,0.65,0.07,0.97,477,53,711
301,LA PAMPA_CATRILO,"Catrilo, La Pampa",FRENTE DE TODOS,5.85,1.98,51.21,1.34,38.97,0.65,296,100,2590,68,1971,33,82.35,6221,5123,0.41,0.02,0.84,21,1,43
302,LA PAMPA_CHALILEO,"Chalileo, La Pampa",FRENTE DE TODOS,6.79,2.69,59.07,2.96,27.02,1.48,101,40,879,44,402,22,79.93,1883,1505,0.27,0.33,0.53,4,5,8
303,LA PAMPA_CHAPALEUFU,"Chapaleufu, La Pampa",FRENTE DE TODOS,5.44,1.24,47.48,2.1,42.78,0.96,442,101,3858,171,3476,78,82.52,9979,8235,0.5,0.06,0.77,41,5,63
304,LA PAMPA_CHICAL CO,"Chical-Co, La Pampa",FRENTE DE TODOS,6.41,2.97,61.44,5.26,22.2,1.72,67,31,642,55,232,18,79.25,1340,1062,1.13,0.19,0.28,12,2,3
305,LA PAMPA_CONHELO,"Conhelo, La Pampa",FRENTE DE TODOS,6.23,1.46,52.21,1.48,37.12,1.51,633,148,5306,150,3773,153,81.52,12614,10283,0.53,0.03,0.6,55,3,62
306,LA PAMPA_CURACO,"Curaco, La Pampa",FRENTE DE TODOS,6.3,2,68.05,2.61,20.43,0.61,41,13,443,17,133,4,78.29,843,660,1.06,0,0.3,7,0,2
307,LA PAMPA_GUATRACHE,"Guatrache, La Pampa",JUNTOS POR EL CAMBIO,6.44,1.58,36,1.48,52.84,1.65,382,94,2136,88,3135,98,75.75,7941,6015,0.88,0.03,0.45,53,2,27
308,LA PAMPA_HUCAL,"Hucal, La Pampa",JUNTOS POR EL CAMBIO,7.88,1.63,39.46,0.91,48.5,1.61,425,88,2127,49,2614,87,80.67,6778,5468,0.48,0.07,0.88,26,4,48
309,LA PAMPA_LIHUEL CALEL,"Lihuel Calel, La Pampa",FRENTE DE TODOS,7.89,2.63,47.89,1.58,39.47,0.53,15,5,91,3,75,1,78.4,250,196,0,2.04,1.02,0,4,2
310,LA PAMPA_LIMAY MAHUIDA,"Limay Mahuida, La Pampa",FRENTE DE TODOS,4.23,1.21,52.87,0.91,40.79,0,14,4,175,3,135,0,77.47,435,337,0.89,0.89,0,3,3,0
311,LA PAMPA_LOVENTUE,"Loventue, La Pampa",FRENTE DE TODOS,5.13,1.89,58.82,1.45,31.84,0.86,309,114,3541,87,1917,52,81.21,7531,6116,0.62,0.08,0.87,38,5,53
312,LA PAMPA_MARACO,"Maraco, La Pampa",FRENTE DE TODOS,7.21,2.23,44.69,2.91,41.13,1.82,2964,917,18369,1198,16907,749,82.57,50740,41896,0.56,0.05,1.28,235,21,536
313,LA PAMPA_PUELEN,"Puelen, La Pampa",FRENTE DE TODOS,8.09,2.42,54.85,4.86,28.63,1.15,535,160,3626,321,1893,76,79.99,8417,6733,0.62,0.03,1.16,42,2,78
314,LA PAMPA_QUEMU QUEMU,"Quemu Quemu, La Pampa",JUNTOS POR EL CAMBIO,6.58,2.52,42.84,1.72,45.1,1.23,368,141,2395,96,2521,69,82.07,6932,5689,0.93,0.02,0.79,53,1,45
315,LA PAMPA_RANCUL,"Rancul, La Pampa",FRENTE DE TODOS,4.96,1.21,52.64,1.31,39.12,0.76,366,89,3885,97,2887,56,80.32,9339,7501,0.68,0.05,0.88,51,4,66
316,LA PAMPA_REALICO,"Realico, La Pampa",FRENTE DE TODOS,5.98,1.29,45.18,2.15,44.32,1.08,701,151,5294,252,5193,127,81.75,14562,11905,0.67,0.05,0.85,80,6,101
317,LA PAMPA_TOAY,"Toay, La Pampa",FRENTE DE TODOS,6.46,2.05,54.88,1.55,33.87,1.18,682,216,5793,164,3575,125,81.67,13129,10722,0.73,0.11,0.72,78,12,77
318,LA PAMPA_TRENEL,"Trenel, La Pampa",FRENTE DE TODOS,5.41,1.05,55.84,2.33,33.85,1.51,211,41,2179,91,1321,59,82.1,4820,3957,0.94,0.05,0.4,37,2,16
319,LA PAMPA_UTRACAN,"Utracan, La Pampa",FRENTE DE TODOS,6.66,2.08,44.16,1.72,43.78,1.59,662,207,4390,171,4352,158,80.03,12636,10112,0.68,0.02,1,69,2,101
320,LA RIOJA_ARAUCO,"Arauco, La Rioja",FRENTE DE TODOS,2.45,0.45,59.47,0.89,36,0.74,165,30,4009,60,2427,50,79.47,12039,9567,27.65,0.04,1.85,2645,4,177
321,LA RIOJA_CAPITAL,"Capital, La Rioja",JUNTOS POR EL CAMBIO,5.14,1.38,38.84,1.38,51.08,2.19,4733,1273,35790,1271,47076,2015,76.5,149735,114546,18.4,0.19,0.96,21074,217,1097
322,LA RIOJA_CASTRO BARROS,"Castro Barros, La Rioja",FRENTE DE TODOS,3.57,0.67,59.29,0.64,34.68,1.15,112,21,1860,20,1088,36,85.18,4425,3769,16.26,0.13,0.37,613,5,14
323,LA RIOJA_CHAMICAL,"Chamical, La Rioja",FRENTE DE TODOS,3.96,0.79,50.91,1.19,42.14,1.01,270,54,3472,81,2874,69,74.97,11911,8930,22.64,0.04,0.94,2022,4,84
324,LA RIOJA_CHILECITO,"Chilecito, La Rioja",JUNTOS POR EL CAMBIO,4.93,1.31,42.22,1.27,49.38,0.9,1138,302,9754,293,11409,208,77.03,40296,31041,24.46,0.02,1.09,7593,6,338
325,LA RIOJA_FAMATINA,"Famatina, La Rioja",FRENTE DE TODOS,4.61,0.7,54.96,0.73,37.87,1.12,157,24,1872,25,1290,38,83.17,5366,4463,23.37,0,0.31,1043,0,14
326,LA RIOJA_CORONEL FELIPE VARELA,"Felipe Varela, La Rioja",FRENTE DE TODOS,3.08,0.81,65.33,0.44,29.78,0.57,183,48,3885,26,1771,34,78.63,8777,6901,13.27,0.03,0.52,916,2,36
327,LA RIOJA_GENERAL ANGEL V. PEÑALOZA,"General Angel V. Peñaloza, La Rioja",FRENTE DE TODOS,1.95,0.06,71.06,0.49,25.59,0.85,32,1,1169,8,421,14,81.12,2489,2019,17.98,0.05,0.5,363,1,10
328,LA RIOJA_GENERAL BELGRANO,"General Belgrano, La Rioja",FRENTE DE TODOS,2.46,0.58,50.27,1.34,44.95,0.41,97,23,1985,53,1775,16,73.15,6882,5034,21.2,0,0.36,1067,0,18
329,LA RIOJA_GENERAL LAMADRID,"General Lamadrid, La Rioja",FRENTE DE TODOS,1.9,0.47,69.67,0.63,26.15,1.18,24,6,882,8,331,15,91.58,1722,1577,14.65,0,5.07,231,0,80
330,LA RIOJA_GENERAL OCAMPO,"General Ocampo, La Rioja",FRENTE DE TODOS,1.56,0.07,78.29,0.37,19.19,0.53,68,3,3423,16,839,23,80.59,6351,5118,13.93,0.08,0.57,713,4,29
331,LA RIOJA_GENERAL SAN MARTIN,"General San Martin, La Rioja",FRENTE DE TODOS,2.04,0.43,60.35,0.3,36.73,0.13,61,13,1804,9,1098,4,83.78,3939,3300,8.79,0,0.64,290,0,21
332,LA RIOJA_INDEPENDENCIA,"Independencia, La Rioja",FRENTE DE TODOS,1.95,0.46,72.93,0.33,24.27,0.07,30,7,1121,5,373,1,87.75,2335,2049,24.84,0,0.15,509,0,3
333,LA RIOJA_GENERAL JUAN F. QUIROGA,"Juan Facundo Quiroga, La Rioja",FRENTE DE TODOS,2.35,0.41,70.07,0.9,25.99,0.27,52,9,1550,20,575,6,78.49,3514,2758,19.58,0,0.22,540,0,6
334,LA RIOJA_ROSARIO VERA PEÑALOZA,"Rosario Vera Peñaloza, La Rioja",FRENTE DE TODOS,2.96,1.06,72.44,1.19,21.2,1.15,240,86,5866,96,1717,93,77.03,12424,9570,14.98,0.01,0.39,1434,1,37
335,LA RIOJA_SAN BLAS DE LOS SAUCES,"San Blas De Los Sauces, La Rioja",FRENTE DE TODOS,1.27,0.37,65.67,0.16,32.04,0.49,31,9,1607,4,784,12,83.99,3316,2785,11.74,0,0.39,327,0,11
336,LA RIOJA_SANAGASTA,"Sanagasta, La Rioja",FRENTE DE TODOS,3.66,0.89,66.29,0.25,27.57,1.34,74,18,1339,5,557,27,88.81,2860,2540,19.76,0,0.71,502,0,18
337,LA RIOJA_VINCHINA,"Vinchina, La Rioja",FRENTE DE TODOS,2.04,0.43,70.25,0.68,26.3,0.31,33,7,1138,11,426,5,76.1,2469,1879,11.34,2.29,0.16,213,43,3
338,MENDOZA_CAPITAL,"Capital, Mendoza",JUNTOS POR EL CAMBIO,5.05,2.1,28.13,0.95,62.5,1.27,3916,1630,21818,738,48467,984,79.51,99335,78980,0.7,0.07,1.03,554,56,817
339,MENDOZA_GENERAL ALVEAR,"General Alvear, Mendoza",FRENTE DE TODOS,5.83,1.4,46.2,6.21,38.82,1.55,1730,414,13711,1842,11519,459,80.71,37333,30132,0.75,0.07,0.69,226,22,209
340,MENDOZA_GODOY CRUZ,"Godoy Cruz, Mendoza",JUNTOS POR EL CAMBIO,6.37,2.44,30.95,1.1,57.81,1.34,7881,3016,38303,1360,71555,1659,81.23,155433,126252,0.68,0.05,1.24,860,58,1560
341,MENDOZA_GUAYMALLEN,"Guaymallen, Mendoza",JUNTOS POR EL CAMBIO,6.49,2.41,33.5,1.42,54.92,1.26,11701,4343,60416,2563,99042,2272,81.94,224628,184053,0.56,0.06,1.4,1030,103,2583
342,MENDOZA_JUNIN,"Junin, Mendoza",JUNTOS POR EL CAMBIO,7.14,2.48,37.42,1.29,50.49,1.17,2021,702,10590,366,14289,331,84.71,34255,29017,0.79,0.12,1.56,229,36,453
343,MENDOZA_LA PAZ,"La Paz, Mendoza",FRENTE DE TODOS,4.21,1.2,51.86,1.08,40.98,0.68,309,88,3809,79,3010,50,86.21,8667,7472,1.03,0.01,0.66,77,1,49
344,MENDOZA_LAS HERAS,"Las Heras, Mendoza",JUNTOS POR EL CAMBIO,7,2.56,40.36,1.82,47.06,1.2,8770,3208,50593,2281,58993,1502,82.04,156340,128258,0.7,0.1,1.48,892,123,1896
345,MENDOZA_LAVALLE,"Lavalle, Mendoza",FRENTE DE TODOS,6.48,2.52,54.86,1.76,33.58,0.79,1722,670,14575,468,8920,211,84.2,32122,27046,0.77,0.03,0.98,207,7,266
346,MENDOZA_LUJAN DE CUYO,"Lujan, Mendoza",JUNTOS POR EL CAMBIO,6.66,2.49,32.55,1.28,55.93,1.09,5771,2160,28226,1110,48494,948,84.69,104598,88588,0.68,0.05,1.4,601,42,1236
347,MENDOZA_MAIPU,"Maipu, Mendoza",JUNTOS POR EL CAMBIO,7.43,2.36,38.83,1.31,48.82,1.25,8683,2760,45358,1527,57033,1457,84.23,142208,119784,0.83,0.05,1.6,990,59,1917
348,MENDOZA_MALARGÜE,"Malargüe, Mendoza",FRENTE DE TODOS,7.79,2.18,42.46,4.67,41.25,1.65,1340,374,7301,803,7092,284,78.84,22317,17594,0.96,0.06,1.25,169,11,220
349,MENDOZA_RIVADAVIA,"Rivadavia, Mendoza",JUNTOS POR EL CAMBIO,6.39,2.09,40.51,1.29,48.75,0.97,2295,750,14546,462,17505,348,83.81,43751,36668,0.92,0.04,1.12,337,14,411
350,MENDOZA_SAN CARLOS,"San Carlos, Mendoza",JUNTOS POR EL CAMBIO,7.68,2.53,39.58,2.06,47.04,1.11,1649,544,8501,442,10104,239,84.54,25893,21889,0.74,0.12,1.01,162,26,222
351,MENDOZA_SAN MARTIN,"San Martin, Mendoza",JUNTOS POR EL CAMBIO,6.64,2.37,42.56,1.7,45.61,1.11,5095,1821,32644,1301,34984,853,82.73,94546,78217,0.65,0.05,1.24,512,36,971
352,MENDOZA_SAN RAFAEL,"San Rafael, Mendoza",FRENTE DE TODOS,6.75,1.63,42.94,4.57,42.54,1.58,7840,1893,49900,5312,49434,1837,81.33,146020,118760,0.87,0.04,1.23,1035,51,1458
353,MENDOZA_SANTA ROSA,"Santa Rosa, Mendoza",FRENTE DE TODOS,5.56,1.68,59.56,1.18,31.13,0.89,628,190,6730,133,3518,101,85.22,13522,11524,1.26,0.1,0.58,145,12,67
354,MENDOZA_TUNUYAN,"Tunuyan, Mendoza",JUNTOS POR EL CAMBIO,6.92,2.73,40.54,2.84,45.77,1.21,2249,887,13177,923,14876,392,83.05,39881,33122,0.74,0.04,1.09,246,12,360
355,MENDOZA_TUPUNGATO,"Tupungato, Mendoza",FRENTE DE TODOS,7,2.88,43.7,3.47,41.76,1.2,1443,593,9008,715,8608,248,84.39,24894,21007,0.58,0.1,1.19,121,20,251
356,MISIONES_25 DE MAYO,"25 De Mayo, Misiones",FRENTE DE TODOS,1.5,0.44,75.5,3.81,18.11,0.65,257,75,12949,654,3106,111,79.55,22012,17511,1.87,0.06,0.11,328,11,20
357,MISIONES_APOSTOLES,"Apostoles, Misiones",FRENTE DE TODOS,3.25,0.83,54.9,2.87,37.07,1.09,865,221,14620,763,9872,289,81.81,33487,27396,1.56,0.15,1.09,427,41,298
358,MISIONES_CAINGUAS,"Cainguas, Misiones",FRENTE DE TODOS,2.64,0.68,68.94,3.82,23.09,0.84,905,234,23650,1309,7922,287,81.27,43457,35319,2.18,0.05,0.63,770,19,223
359,MISIONES_CANDELARIA,"Candelaria, Misiones",FRENTE DE TODOS,3.17,0.9,65.5,1.82,27.74,0.88,572,162,11817,328,5005,158,79.1,23404,18512,1.57,0.15,0.82,290,28,152
360,MISIONES_CAPITAL,"Capital, Misiones",JUNTOS POR EL CAMBIO,4.49,1.35,44.73,2.87,44.81,1.75,9695,2917,96536,6183,96694,3780,80.1,276803,221728,1.36,0.2,1.11,3014,440,2469
361,MISIONES_CONCEPCION,"Concepcion De La Sierra, Misiones",FRENTE DE TODOS,2.04,0.59,64.83,1.38,30.55,0.61,118,34,3748,80,1766,35,77.65,7646,5937,1.99,0.2,0.44,118,12,26
362,MISIONES_ELDORADO,"El Dorado, Misiones",FRENTE DE TODOS,3.48,1.38,60.4,3.05,30.5,1.18,1761,699,30594,1547,15449,599,79.99,64802,51832,1.43,0.07,0.79,739,35,409
363,MISIONES_GENERAL MANUEL BELGRANO,"General Manuel Belgrano, Misiones",FRENTE DE TODOS,1.7,0.45,73.05,2.72,21.55,0.54,399,105,17135,638,5055,126,77.08,31294,24120,1.75,0.37,0.62,422,90,150
364,MISIONES_GUARANI,"Guarani, Misiones",FRENTE DE TODOS,1.79,0.4,74.31,1.55,21.42,0.52,745,168,30878,645,8900,218,78.63,54350,42738,2.05,0.07,0.66,874,29,281
365,MISIONES_IGUAZU,"Iguazu, Misiones",FRENTE DE TODOS,3.56,1.22,58.19,2.6,33.18,1.24,1828,628,29846,1335,17021,634,77.27,68211,52704,1.51,0.06,1.12,794,29,589
366,MISIONES_LEANDRO N. ALEM,"Leandro N. Alem, Misiones",FRENTE DE TODOS,3.05,0.62,58.24,4.08,32.88,1.13,939,191,17931,1255,10124,348,83.91,38020,31903,2.73,0.05,0.72,871,15,229
367,MISIONES_LIBERTADOR GENERAL SAN MARTIN,"Libertador General San Martin, Misiones",FRENTE DE TODOS,3.37,0.82,55,2.19,37.69,0.92,1016,246,16568,661,11353,277,81.54,37924,30925,1.8,0.08,0.72,556,25,223
368,MISIONES_MONTECARLO,"Montecarlo, Misiones",FRENTE DE TODOS,4.33,1.11,60.82,3.13,29.63,0.98,926,237,13003,669,6335,209,79.52,27513,21877,1.46,0.04,0.78,319,8,171
369,MISIONES_OBERA,"Obera, Misiones",FRENTE DE TODOS,3.02,0.65,58.07,4.2,32.83,1.24,2081,449,40057,2894,22645,856,81.43,86778,70664,1.54,0.08,0.76,1089,54,539
370,MISIONES_SAN IGNACIO,"San Ignacio, Misiones",FRENTE DE TODOS,2.64,0.69,63.9,2.55,29.4,0.82,947,247,22941,917,10554,294,80.77,45472,36729,1.48,0.11,0.67,544,40,245
371,MISIONES_SAN JAVIER,"San Javier, Misiones",FRENTE DE TODOS,1.83,0.29,65.83,1.97,29.67,0.42,250,39,8978,268,4046,57,79.53,17527,13939,1.51,0.17,0.48,211,23,67
372,MISIONES_SAN PEDRO,"San Pedro, Misiones",FRENTE DE TODOS,1.73,0.55,80.67,2.69,13.9,0.46,271,86,12613,421,2173,72,79.25,20170,15985,1.83,0.01,0.34,293,1,55
373,NEUQUEN_ALUMINE,"Alumine, Neuquen",FRENTE DE TODOS,4.5,3.78,56.85,2.84,30.55,1.48,238,200,3005,150,1615,78,80.72,6990,5642,4.84,0.25,1.22,273,14,69
374,NEUQUEN_AÑELO,"Añelo, Neuquen",FRENTE DE TODOS,4.98,2.68,62.21,2.49,26.12,1.52,457,246,5712,229,2398,140,78.27,12692,9934,4.93,0.07,2.57,490,7,255
375,NEUQUEN_CATAN LIL,"Catan Lil, Neuquen",FRENTE DE TODOS,3.49,2.66,76.93,1.58,14.19,1.16,42,32,927,19,171,14,79.85,1603,1280,4.92,0.08,0.86,63,1,11
376,NEUQUEN_CHOS MALAL,"Chos Malal, Neuquen",FRENTE DE TODOS,5.45,2.99,57.11,2.55,30.27,1.64,522,286,5471,244,2900,157,80.9,12622,10211,4.93,0.06,1.19,503,6,122
377,NEUQUEN_COLLON CURA,"Collon Cura, Neuquen",FRENTE DE TODOS,4.45,2.94,60.18,3.15,27.64,1.65,127,84,1718,90,789,47,81.91,3698,3029,4.49,0.07,1.19,136,2,36
378,NEUQUEN_CONFLUENCIA,"Confluencia, Neuquen",FRENTE DE TODOS,6.53,3.99,46.39,2.83,38.09,2.16,17392,10624,123478,7529,101383,5745,85.45,323961,276827,2.3,0.08,1.48,6359,230,4087
379,NEUQUEN_HUILICHES,"Huiliches, Neuquen",FRENTE DE TODOS,6.12,3.55,50.31,2.38,36.37,1.27,663,385,5454,258,3943,138,82.36,13926,11469,3.82,0.04,1.61,438,5,185
380,NEUQUEN_LACAR,"Lacar, Neuquen",JUNTOS POR EL CAMBIO,5.87,4.39,36.83,2.15,48.6,2.15,1278,955,8013,468,10573,468,79.05,28918,22861,2.16,0.08,2.6,493,19,594
381,NEUQUEN_LONCOPUE,"Loncopue, Neuquen",FRENTE DE TODOS,6.16,2.53,62.13,1.89,25.84,1.44,248,102,2500,76,1040,58,84.54,5355,4527,9.12,0.11,1.88,413,5,85
382,NEUQUEN_LOS LAGOS,"Los Lagos, Neuquen",JUNTOS POR EL CAMBIO,5.97,3.28,38.49,2.83,47.62,1.8,497,273,3202,235,3961,150,77.68,11358,8823,4.4,0.09,1.24,388,8,109
383,NEUQUEN_MINAS,"Minas, Neuquen",FRENTE DE TODOS,4.92,3.1,67.99,3.76,18.86,1.37,241,152,3330,184,924,67,84.32,6567,5537,10.08,0.04,1.43,558,2,79
384,NEUQUEN_PEHUENCHES,"Pehuenches, Neuquen",FRENTE DE TODOS,6.07,2.38,48.69,6.28,34.75,1.84,891,350,7150,922,5103,270,79.89,20254,16181,6.99,0.04,2.21,1131,7,357
385,NEUQUEN_PICUN LEUFU,"Picun Leufu, Neuquen",FRENTE DE TODOS,5.54,2.12,68.49,1.82,20.95,1.08,180,69,2226,59,681,35,83.08,4108,3413,3.31,0.26,1.2,113,9,41
386,NEUQUEN_PICUNCHES,"Picunches, Neuquen",FRENTE DE TODOS,4.09,1.73,52.54,3.03,37.35,1.26,182,77,2339,135,1663,56,82.61,5761,4759,5.19,0.02,1.24,247,1,59
387,NEUQUEN_ZAPALA,"Zapala, Neuquen",FRENTE DE TODOS,6.77,3.42,46.03,3.01,38.79,1.99,1796,907,12215,798,10294,528,84.61,32730,27694,2.73,0.05,1.4,755,14,387
388,NEUQUEN_ÑORQUIN,"Ñorquin, Neuquen",FRENTE DE TODOS,5.21,2.56,68.66,2,20,1.57,169,83,2228,65,649,51,82.56,4351,3592,8.63,0,1.03,310,0,37
389,RIO NEGRO_25 DE MAYO,"25 De Mayo, Rio Negro",FRENTE DE TODOS,3.3,1.44,76.1,3.07,15.15,0.95,286,125,6596,266,1313,82,76.14,11946,9096,3.96,0.05,0.69,360,5,63
390,RIO NEGRO_ADOLFO ALSINA,"Adolfo Alsina, Rio Negro",FRENTE DE TODOS,6.79,2.51,54.79,3.64,30.15,2.13,2760,1019,22277,1479,12259,865,79.99,52908,42320,2.39,0.26,1.27,1012,112,537
391,RIO NEGRO_AVELLANEDA,"Avellaneda, Rio Negro",FRENTE DE TODOS,5.08,1.67,60.97,3.23,27.68,1.37,1136,374,13643,723,6194,307,82.57,28863,23832,4.33,0.23,1.55,1031,55,369
392,RIO NEGRO_BARILOCHE,"Bariloche, Rio Negro",FRENTE DE TODOS,6.86,3.51,55.83,2.78,28.94,2.07,6066,3105,49358,2458,25584,1832,78.55,116283,91341,1.73,0.08,1.4,1583,74,1281
393,RIO NEGRO_CONESA,"Conesa, Rio Negro",FRENTE DE TODOS,5.49,1.49,60.04,2.61,29.25,1.12,221,60,2418,105,1178,45,80.49,5552,4469,8.73,0.13,1.03,390,6,46
394,RIO NEGRO_EL CUY,"El Cuy, Rio Negro",FRENTE DE TODOS,3.3,2.1,73.91,2.14,18.09,0.47,85,54,1904,55,466,12,79.25,3455,2738,3.47,0.22,2.23,95,6,61
395,RIO NEGRO_GENERAL ROCA,"General Roca, Rio Negro",FRENTE DE TODOS,6.2,2.59,56.3,3.35,29.46,2.09,13100,5473,118890,7082,62219,4412,82.94,266224,220810,2.7,0.13,1.53,5960,298,3376
396,RIO NEGRO_9 DE JULIO,"Nueve De Julio, Rio Negro",FRENTE DE TODOS,3.77,1.72,78.68,4.77,10.25,0.81,79,36,1650,100,215,17,73.51,2994,2201,4,0.05,0.68,88,1,15
397,RIO NEGRO_PICHI MAHUIDA,"Pichi Mahuida, Rio Negro",FRENTE DE TODOS,6.9,1.48,56.63,1.98,31.38,1.63,668,143,5483,192,3039,158,79.43,12589,10000,2.01,0.13,1.03,201,13,103
398,RIO NEGRO_PILCANIYEU,"Pilcaniyeu, Rio Negro",FRENTE DE TODOS,5.86,2.23,59.63,2.82,27.44,2.02,337,128,3427,162,1577,116,80.37,7560,6076,4.46,0.02,0.94,271,1,57
399,RIO NEGRO_SAN ANTONIO,"San Antonio Oeste, Rio Negro",FRENTE DE TODOS,4.98,1.81,61.31,4.89,25.33,1.68,953,347,11736,936,4848,322,77.53,26582,20609,5.96,0.15,1.01,1229,30,208
400,RIO NEGRO_VALCHETA,"Valcheta, Rio Negro",FRENTE DE TODOS,3.94,1.3,67.35,3.87,22.2,1.34,112,37,1914,110,631,38,73.77,4064,2998,3.84,0.33,1.03,115,10,31
401,RIO NEGRO_ÑORQUINCO,"Ñorquinco, Rio Negro",FRENTE DE TODOS,3.25,1.91,76.66,3.93,13.02,1.23,29,17,683,35,116,11,68.74,1382,950,5.58,0,0.63,53,0,6
402,SALTA_ANTA,"Anta, Salta",FRENTE DE TODOS,5.91,0.88,63.57,1.67,27.3,0.68,1906,283,20512,539,8808,220,71.33,45880,32726,0.75,0.08,0.57,245,26,187
403,SALTA_CACHI,"Cachi, Salta",FRENTE DE TODOS,13.34,1.52,53.03,0.87,29.8,1.44,675,77,2684,44,1508,73,75.4,6849,5164,1.12,0.04,0.83,58,2,43
404,SALTA_CAFAYATE,"Cafayate, Salta",FRENTE DE TODOS,9.59,1.69,57.45,2.18,27.45,1.65,954,168,5716,217,2731,164,78.99,12839,10142,0.96,0.13,0.81,97,13,82
405,SALTA_CAPITAL,"Capital, Salta",JUNTOS POR EL CAMBIO,13.37,2.16,35.35,2.41,44.43,2.28,43857,7076,115941,7904,145715,7490,79.02,423573,334704,0.74,0.19,1.08,2488,623,3610
406,SALTA_CERRILLOS,"Cerrillos, Salta",FRENTE DE TODOS,13.47,1.55,43.52,2.01,37.79,1.66,3674,422,11875,549,10311,453,80.92,34233,27703,0.55,0.15,0.81,153,41,225
407,SALTA_CHICOANA,"Chicoana, Salta",FRENTE DE TODOS,12.12,1.59,43.55,1.29,40.22,1.22,1764,232,6341,188,5856,178,81.72,18123,14810,0.7,0.2,0.79,104,30,117
408,SALTA_GENERAL GUEMES,"General Guemes, Salta",FRENTE DE TODOS,9.85,1.79,58.44,1.82,26.51,1.59,2948,536,17499,546,7938,475,78.31,38888,30452,0.61,0.09,0.98,185,28,297
409,SALTA_GUACHIPAS,"Guachipas, Salta",FRENTE DE TODOS,18.59,1.22,42.42,0.9,36.09,0.77,411,27,938,20,798,17,76.11,2963,2255,1.02,0.09,0.84,23,2,19
410,SALTA_IRUYA,"Iruya, Salta",FRENTE DE TODOS,8.02,1.25,77.61,1.25,11.24,0.63,192,30,1858,30,269,15,66.14,3674,2430,0.95,0.21,0.33,23,5,8
411,SALTA_LA CALDERA,"La Caldera, Salta",JUNTOS POR EL CAMBIO,12.06,1.52,34.98,1.86,47.96,1.62,1275,161,3699,197,5072,171,80.93,13275,10744,0.66,0.14,0.77,71,15,83
412,SALTA_LA CANDELARIA,"La Candelaria, Salta",FRENTE DE TODOS,15.12,1.21,56.7,0.54,25.47,0.96,613,49,2299,22,1033,39,79.53,5155,4100,0.44,0.12,0.54,18,5,22
413,SALTA_LA POMA,"La Poma, Salta",FRENTE DE TODOS,15.23,2.46,59.72,1.18,19.94,1.47,155,25,608,12,203,15,72.6,1427,1036,1.25,0,0.48,13,0,5
414,SALTA_LA VIÑA,"La Viña, Salta",FRENTE DE TODOS,13.99,0.9,50.1,0.81,33.11,1.09,773,50,2769,45,1830,60,78.68,7133,5612,0.59,0.11,0.82,33,6,46
415,SALTA_LOS ANDES,"Los Andes, Salta",FRENTE DE TODOS,33.2,1.95,36.21,1.6,25.24,1.8,1310,77,1429,63,996,71,70.42,5709,4020,0.7,0.2,0.95,28,8,38
416,SALTA_METAN,"Metan, Salta",FRENTE DE TODOS,8.24,1.36,53.47,1.66,33.36,1.9,2033,336,13186,409,8227,468,74.94,33476,25088,0.63,0.06,1.02,158,14,257
417,SALTA_MOLINOS,"Molinos, Salta",FRENTE DE TODOS,20.45,0.71,49,0.62,28.13,1.09,693,24,1660,21,953,37,74.3,4619,3432,0.87,0.06,0.35,30,2,12
418,SALTA_ORAN,"Oran, Salta",FRENTE DE TODOS,7.74,1.78,59.93,2.71,26.28,1.55,6064,1397,46927,2125,20579,1210,71.97,110885,79804,0.73,0.23,0.92,583,185,734
419,SALTA_RIVADAVIA,"Rivadavia, Salta",FRENTE DE TODOS,4.09,0.52,83.47,1.21,10.29,0.42,624,80,12726,184,1569,64,62.6,24713,15471,0.39,0.15,0.91,60,23,141
420,SALTA_ROSARIO DE LA FRONTERA,"Rosario De La Frontera, Salta",FRENTE DE TODOS,8.85,1.27,58.25,0.82,29.5,1.31,1593,229,10484,148,5309,235,75.1,24366,18298,0.7,0.09,0.85,128,17,155
421,SALTA_ROSARIO DE LERMA,"Rosario De Lerma, Salta",FRENTE DE TODOS,12.83,1.65,41.65,3.13,38.78,1.96,3410,438,11074,831,10311,522,79.83,34052,27183,0.73,0.19,1.28,198,51,348
422,SALTA_SAN CARLOS,"San Carlos, Salta",FRENTE DE TODOS,9.86,0.9,63.92,1.05,23.25,1.02,405,37,2626,43,955,42,73.2,5687,4163,0.74,0.02,0.55,31,1,23
423,SALTA_GENERAL JOSE DE SAN MARTIN,"San Martin, Salta",FRENTE DE TODOS,4.87,1.46,70.81,2.1,19.61,1.14,4196,1261,61045,1814,16905,987,71.1,123541,87834,0.68,0.5,0.67,597,440,589
424,SALTA_SANTA VICTORIA,"Santa Victoria, Salta",FRENTE DE TODOS,8.52,2.08,72.44,0.57,15.25,1.14,90,22,765,6,161,12,55.02,1954,1075,0.65,0.28,0.84,7,3,9
425,SAN JUAN_25 DE MAYO,"25 De Mayo, San Juan",FRENTE DE TODOS,6.12,1.11,69.48,2.28,20.5,0.51,667,121,7572,248,2234,56,81.43,13554,11037,0.87,0.01,0.38,96,1,42
426,SAN JUAN_ALBARDON,"Albardon, San Juan",FRENTE DE TODOS,7.19,1.24,62.2,2.18,26.22,0.97,1214,209,10498,368,4426,163,85.51,20025,17123,0.69,0.03,0.71,118,5,122
427,SAN JUAN_ANGACO,"Angaco, San Juan",FRENTE DE TODOS,7.11,1.35,60.39,1.26,28.62,1.27,469,89,3984,83,1888,84,81.22,8271,6718,1.1,0.06,0.64,74,4,43
428,SAN JUAN_CALINGASTA,"Calingasta, San Juan",FRENTE DE TODOS,6.81,1.45,59.18,0.65,30.63,1.29,418,89,3634,40,1881,79,80.14,7899,6330,1.67,0.02,1.3,106,1,82
429,SAN JUAN_CAPITAL,"Capital, San Juan",JUNTOS POR EL CAMBIO,6.92,1.49,34.13,1.54,54.42,1.49,5096,1100,25133,1136,40073,1096,81.46,91707,74705,0.69,0.03,0.71,514,24,533
430,SAN JUAN_CAUCETE,"Caucete, San Juan",FRENTE DE TODOS,6.39,1.25,59.27,2.31,29.8,0.99,1454,284,13497,525,6787,225,79.44,29100,23116,0.82,0.02,0.65,189,4,151
431,SAN JUAN_CHIMBAS,"Chimbas, San Juan",FRENTE DE TODOS,7.56,1.57,61.79,2.22,25.54,1.31,3983,830,32575,1170,13464,693,83.51,64420,53797,1.01,0.03,0.97,541,17,524
432,SAN JUAN_IGLESIA,"Iglesia, San Juan",FRENTE DE TODOS,7.38,1.68,51.69,1.17,36.91,1.17,391,89,2738,62,1955,62,76.86,7095,5453,2.05,0,0.81,112,0,44
433,SAN JUAN_JACHAL,"Jachal, San Juan",FRENTE DE TODOS,5.49,2.52,65.24,0.93,24.93,0.88,834,383,9910,141,3787,134,83.31,18526,15434,0.79,0.02,0.78,122,3,120
434,SAN JUAN_9 DE JULIO,"Nueve De Julio, San Juan",FRENTE DE TODOS,8.82,1.67,62.12,0.94,25.11,1.35,622,118,4381,66,1771,95,82.48,8714,7187,1.15,0.01,0.7,83,1,50
435,SAN JUAN_POCITO,"Pocito, San Juan",FRENTE DE TODOS,6.57,1.52,62.85,2.42,25.71,0.92,2316,537,22144,852,9060,325,83.44,43139,35994,1.02,0.07,1.03,367,24,369
436,SAN JUAN_RAWSON,"Rawson, San Juan",FRENTE DE TODOS,8.45,1.65,53.2,2.36,32.82,1.53,6279,1224,39536,1753,24388,1139,82.01,92542,75893,0.99,0.05,1.04,748,36,790
437,SAN JUAN_RIVADAVIA,"Rivadavia, San Juan",FRENTE DE TODOS,7.32,1.61,44.52,1.6,43.47,1.48,4215,929,25623,918,25016,850,83.92,69799,58576,0.86,0.04,0.85,502,24,499
438,SAN JUAN_SAN MARTIN,"San Martin, San Juan",FRENTE DE TODOS,8.1,1.38,63.05,2.39,24.2,0.88,628,107,4888,185,1876,68,85.45,9292,7940,1.69,0,0.68,134,0,54
439,SAN JUAN_SANTA LUCIA,"Santa Lucia, San Juan",FRENTE DE TODOS,7.48,1.4,46.54,1.41,41.79,1.39,2566,479,15962,482,14332,476,83.34,42155,35130,1.3,0.03,1.04,457,9,367
440,SAN JUAN_SARMIENTO,"Sarmiento, San Juan",FRENTE DE TODOS,5.96,1.03,65.78,1.12,25.41,0.69,859,149,9479,162,3662,99,85.08,17253,14679,0.78,0.03,1.02,115,4,150
441,SAN JUAN_ULLUM,"Ullum, San Juan",FRENTE DE TODOS,5.81,1.08,76.74,1,14.89,0.47,209,39,2762,36,536,17,86.95,4184,3638,0.88,0,0.19,32,0,7
442,SAN JUAN_VALLE FERTIL,"Valle Fertil, San Juan",FRENTE DE TODOS,6.77,1.53,66.97,0.8,23.46,0.47,315,71,3117,37,1092,22,79.47,5946,4725,0.74,0.02,0.74,35,1,35
443,SAN JUAN_ZONDA,"Zonda, San Juan",FRENTE DE TODOS,5.86,1.15,69.89,1.03,21.42,0.65,199,39,2375,35,728,22,83.42,4155,3466,0.69,0.03,1.24,24,1,43
444,SAN LUIS_AYACUCHO,"Ayacucho, San Luis",FRENTE DE TODOS,4.12,1.49,59.58,1.57,32.46,0.77,550,199,7949,209,4331,103,77.42,17671,13681,1.26,0.02,1.2,173,3,164
445,SAN LUIS_BELGRANO,"Belgrano, San Luis",FRENTE DE TODOS,5.61,1.9,60.39,1.38,29.7,1.03,142,48,1529,35,752,26,79.01,3254,2571,0.89,0.12,0.51,23,3,13
446,SAN LUIS_CHACABUCO,"Chacabuco, San Luis",FRENTE DE TODOS,5.47,1.84,50.83,1.54,39.19,1.12,850,286,7896,240,6088,174,81.42,19522,15894,1.22,0.01,1.03,194,2,164
447,SAN LUIS_GOBERNADOR DUPUY,"Gobernador Dupuy, San Luis",FRENTE DE TODOS,3.64,1.09,50.17,1.41,42.89,0.79,294,88,4049,114,3462,64,78.48,10481,8226,1.3,0.05,0.53,107,4,44
448,SAN LUIS_JUNIN,"Junin, San Luis",FRENTE DE TODOS,6.38,2.3,45.01,2,42.62,1.69,1484,534,10473,465,9917,394,80.03,29875,23909,1.09,0.09,1.51,260,22,360
449,SAN LUIS_GENERAL PEDERNERA,"Pedernera, San Luis",JUNTOS POR EL CAMBIO,6.63,2.14,34.76,2.71,51.99,1.78,5671,1830,29749,2322,44501,1520,83.72,104989,87892,1.14,0.06,1.42,999,49,1251
450,SAN LUIS_CORONEL PRINGLES,"Pringles, San Luis",FRENTE DE TODOS,5.19,1.68,49.78,1.56,40.65,1.14,504,163,4838,152,3950,111,81.95,12188,9988,1.26,0.04,1.4,126,4,140
451,SAN LUIS_JUAN MARTIN DE PUEYRREDON,"Pueyrredon, San Luis",JUNTOS POR EL CAMBIO,7.67,2.71,40.5,2.81,44.33,1.98,10873,3837,57422,3980,62847,2810,80.77,180143,145500,1.16,0.08,1.33,1684,117,1930
452,SAN LUIS_LIBERTADOR GENERAL SAN MARTIN,"San Martin, San Luis",FRENTE DE TODOS,4.49,1.23,67.22,1.45,24.86,0.75,143,39,2139,46,791,24,81.56,3981,3247,1.26,0.03,0.71,41,1,23
453,SANTA CRUZ_CORPEN AIKE,"Corpen Aike, Santa Cruz",FRENTE DE TODOS,3.49,1.39,63.79,1.87,29.45,0.01,282,112,5152,151,2379,1,74.73,11166,8344,2.11,0.13,0.96,176,11,80
454,SANTA CRUZ_DESEADO,"Deseado, Santa Cruz",FRENTE DE TODOS,5.4,3.59,64.36,3.97,22.66,0.02,3584,2381,42683,2632,15028,16,75.11,93133,69949,3.55,0.33,1.3,2482,231,912
455,SANTA CRUZ_GÜER AIKE,"Güer Aike, Santa Cruz",FRENTE DE TODOS,5.03,3.36,53.3,1.95,34.55,1.8,3768,2520,39957,1463,25899,1353,75.51,102798,77627,2.06,0.09,1.28,1601,69,997
456,SANTA CRUZ_LAGO ARGENTINO,"Lago Argentino, Santa Cruz",FRENTE DE TODOS,4.65,3.11,65.54,2.62,24.07,0.02,610,408,8605,344,3161,2,72.08,18885,13612,1.92,0.27,1.34,262,37,183
457,SANTA CRUZ_LAGO BUENOS AIRES,"Lago Buenos Aires, Santa Cruz",FRENTE DE TODOS,3.21,3.32,68.98,2.69,21.8,0,211,218,4534,177,1433,0,70.75,9656,6832,2.15,0.47,1.17,147,32,80
458,SANTA CRUZ_MAGALLANES,"Magallanes, Santa Cruz",FRENTE DE TODOS,5.96,4.07,59.31,3.72,26.91,0.03,374,255,3719,233,1687,2,70.79,9390,6647,4.06,0.18,1.43,270,12,95
459,SANTA CRUZ_RIO CHICO,"Rio Chico, Santa Cruz",FRENTE DE TODOS,3.71,3.75,67.96,2.93,21.64,0,105,106,1922,83,612,0,72.85,4125,3005,3.76,0.8,1.33,113,24,40
460,SANTA FE_BELGRANO,"Belgrano, Santa Fe",JUNTOS POR EL CAMBIO,8.92,1.02,35.07,1.66,52,1.32,2729,313,10728,508,15906,403,80.78,38676,31242,0.94,0.14,1.02,293,43,319
461,SANTA FE_CASEROS,"Caseros, Santa Fe",JUNTOS POR EL CAMBIO,9.76,1.62,34.42,1.15,51.04,2.02,5496,911,19389,649,28749,1137,80.2,71775,57561,0.92,0.06,1.16,530,35,665
462,SANTA FE_CASTELLANOS,"Castellanos, Santa Fe",JUNTOS POR EL CAMBIO,6.43,1.08,30.82,1.47,58.64,1.55,7552,1267,36177,1727,68836,1823,80.8,147941,119539,0.56,0.06,1.18,675,77,1405
463,SANTA FE_CONSTITUCION,"Constitucion, Santa Fe",FRENTE DE TODOS,8.91,1.78,45.13,1.58,40.6,2,5316,1063,26936,941,24234,1196,81.69,74652,60983,0.82,0.09,1.22,500,56,741
464,SANTA FE_GARAY,"Garay, Santa Fe",FRENTE DE TODOS,6.4,0.9,50.36,0.63,40.7,1,899,127,7076,89,5718,141,75.04,19239,14436,0.95,0.17,1.55,137,25,224
465,SANTA FE_GENERAL LOPEZ,"General Lopez, Santa Fe",JUNTOS POR EL CAMBIO,7.94,1.53,37.66,1.43,49.69,1.75,10195,1966,48362,1836,63804,2246,79.64,164297,130847,0.71,0.07,1.08,933,93,1412
466,SANTA FE_GENERAL OBLIGADO,"General Obligado, Santa Fe",FRENTE DE TODOS,5.04,0.79,47.17,1.03,44.66,1.3,5889,922,55129,1207,52198,1523,80.01,148454,118784,0.46,0.08,1.08,542,97,1277
467,SANTA FE_IRIONDO,"Iriondo, Santa Fe",JUNTOS POR EL CAMBIO,9.69,1.46,40.72,1.69,44.57,1.87,4417,666,18553,769,20306,851,80.08,58149,46566,0.89,0.07,1.19,416,34,554
468,SANTA FE_LA CAPITAL,"La Capital, Santa Fe",JUNTOS POR EL CAMBIO,9.04,1.38,41.2,1.78,44.31,2.28,30429,4661,138662,5996,149131,7682,77.74,441912,343562,0.52,0.1,1.41,1797,343,4861
469,SANTA FE_LAS COLONIAS,"Las Colonias, Santa Fe",JUNTOS POR EL CAMBIO,7.61,0.8,26.73,1.24,61.89,1.73,5429,572,19066,882,44142,1237,82.19,88623,72837,0.7,0.12,1.25,508,91,910
470,SANTA FE_9 DE JULIO,"Nueve De Julio, Santa Fe",JUNTOS POR EL CAMBIO,4.24,0.63,44.45,2.18,47.63,0.86,795,118,8329,409,8926,162,73.77,25835,19058,0.54,0.06,1.08,102,12,205
471,SANTA FE_ROSARIO,"Rosario, Santa Fe",FRENTE DE TODOS,10.6,1.81,46.58,1.59,37.41,2,84810,14468,372803,12756,299405,16042,79.65,1027023,818037,0.64,0.1,1.43,5213,848,11692
472,SANTA FE_SAN CRISTOBAL,"San Cristobal, Santa Fe",JUNTOS POR EL CAMBIO,5.91,0.78,42.54,0.9,48.68,1.18,2607,342,18754,397,21462,522,76.42,58782,44921,0.72,0.09,1.05,325,42,470
473,SANTA FE_SAN JAVIER,"San Javier, Santa Fe",FRENTE DE TODOS,4.49,0.89,51.89,0.75,41.05,0.92,895,177,10337,150,8178,183,76.41,26647,20361,0.79,0.03,1.35,161,6,274
474,SANTA FE_SAN JERONIMO,"San Jeronimo, Santa Fe",FRENTE DE TODOS,8.13,1.07,43.95,1.44,43.55,1.87,4348,574,23516,773,23302,999,79.24,68882,54585,0.74,0.06,1.16,406,34,633
475,SANTA FE_SAN JUSTO,"San Justo, Santa Fe",JUNTOS POR EL CAMBIO,6.73,0.82,37.91,1.09,52.02,1.44,1897,232,10688,306,14666,405,78.8,36526,28782,0.51,0.16,1.38,147,45,396
476,SANTA FE_SAN LORENZO,"San Lorenzo, Santa Fe",FRENTE DE TODOS,10.78,1.55,45.89,2.2,37.55,2.02,12641,1820,53798,2580,44025,2371,81.48,147046,119809,0.62,0.07,1.46,737,87,1750
477,SANTA FE_SAN MARTIN,"San Martin, Santa Fe",JUNTOS POR EL CAMBIO,8.48,1.16,33.82,1.63,53.22,1.69,3596,493,14350,693,22580,715,80,54297,43439,0.63,0.02,1.69,272,8,732
478,SANTA FE_VERA,"Vera, Santa Fe",FRENTE DE TODOS,4.85,1.02,53.1,0.8,39.26,0.97,1573,329,17208,260,12721,315,74.32,44375,32981,0.52,0.08,1.14,173,25,377
479,SANTIAGO DEL ESTERO_AGUIRRE,"Aguirre, Santiago Del Estero",FRENTE DE TODOS,1.63,0.44,67.78,0.51,29.31,0.33,89,24,3704,28,1602,18,78.7,7051,5549,0.99,0.14,0.38,55,8,21
480,SANTIAGO DEL ESTERO_ALBERDI,"Alberdi, Santiago Del Estero",FRENTE DE TODOS,1.04,0.28,85.21,1.18,12.03,0.27,106,28,8658,120,1222,27,76.2,13489,10278,0.82,0.13,0.19,84,13,20
481,SANTIAGO DEL ESTERO_ATAMISQUI,"Atamisqui, Santiago Del Estero",FRENTE DE TODOS,0.89,0.43,87.29,1.78,9.43,0.17,68,33,6634,135,717,13,80.32,9577,7692,0.6,0.17,0.43,46,13,33
482,SANTIAGO DEL ESTERO_AVELLANEDA,"Avellaneda, Santiago Del Estero",FRENTE DE TODOS,1.46,0.45,84.77,0.85,12.11,0.36,208,64,12115,122,1730,52,80.92,17839,14435,0.7,0.1,0.2,101,14,29
483,SANTIAGO DEL ESTERO_BANDA,"Banda, Santiago Del Estero",FRENTE DE TODOS,4.08,1.15,73.52,1.63,18.65,0.97,3933,1114,70937,1572,17999,937,80.26,122227,98101,0.96,0.1,0.58,942,102,565
484,SANTIAGO DEL ESTERO_BELGRANO,"Belgrano, Santiago Del Estero",FRENTE DE TODOS,2.84,0.5,55.27,2,38.75,0.64,172,30,3346,121,2346,39,78.27,7851,6145,0.96,0.11,0.41,59,7,25
485,SANTIAGO DEL ESTERO_CAPITAL,"Capital, Santiago Del Estero",FRENTE DE TODOS,5.31,1.45,64.6,1.92,25.29,1.42,10049,2754,122271,3643,47875,2692,81.76,236406,193274,1.22,0.12,0.72,2349,240,1401
486,SANTIAGO DEL ESTERO_CHOYA,"Choya, Santiago Del Estero",FRENTE DE TODOS,2.72,0.96,79.47,1.02,15.04,0.79,630,222,18404,237,3482,183,78.94,29869,23580,1.11,0.13,0.56,261,30,131
487,SANTIAGO DEL ESTERO_COPO,"Copo, Santiago Del Estero",FRENTE DE TODOS,1.27,0.62,84.4,1.27,12.11,0.33,220,107,14637,221,2101,57,75.67,23165,17529,0.7,0.1,0.26,123,18,45
488,SANTIAGO DEL ESTERO_FIGUEROA,"Figueroa, Santiago Del Estero",FRENTE DE TODOS,0.88,0.26,93.18,1.58,3.8,0.3,91,27,9639,163,393,31,75.99,13736,10438,0.61,0.15,0.13,64,16,14
489,SANTIAGO DEL ESTERO_GUASAYAN,"Guasayan, Santiago Del Estero",FRENTE DE TODOS,1.03,0.44,92.97,0.35,4.92,0.28,58,25,5252,20,278,16,81.52,7017,5720,0.8,0.07,0.37,46,4,21
490,SANTIAGO DEL ESTERO_JIMENEZ,"Jimenez, Santiago Del Estero",FRENTE DE TODOS,1.06,0.37,91.02,0.26,7.21,0.1,87,30,7476,21,592,8,77.67,10670,8287,0.65,0.01,0.22,54,1,18
491,SANTIAGO DEL ESTERO_JUAN F. IBARRA,"Juan F. Ibarra, Santiago Del Estero",FRENTE DE TODOS,0.95,0.57,81.83,5.42,10.92,0.31,101,60,8672,574,1157,33,79.54,13431,10683,0.66,0.01,0.14,70,1,15
492,SANTIAGO DEL ESTERO_LORETO,"Loreto, Santiago Del Estero",FRENTE DE TODOS,2.29,0.75,79.13,1.12,16.1,0.62,313,102,10827,153,2203,85,76.01,18237,13862,0.87,0.04,0.38,120,6,53
493,SANTIAGO DEL ESTERO_MITRE,"Mitre, Santiago Del Estero",FRENTE DE TODOS,1.78,0.14,70.41,1.23,26.3,0.14,13,1,514,9,192,1,69.63,1080,752,2.13,0.27,0.53,16,2,4
494,SANTIAGO DEL ESTERO_MORENO,"Moreno, Santiago Del Estero",FRENTE DE TODOS,1.57,0.51,78.79,1.68,17.15,0.31,313,101,15721,335,3422,62,77.1,26195,20197,0.76,0.07,0.37,154,15,74
495,SANTIAGO DEL ESTERO_OJO DE AGUA,"Ojo De Agua, Santiago Del Estero",FRENTE DE TODOS,2.14,0.57,76.24,1.02,19.52,0.5,213,57,7594,102,1944,50,79.12,12818,10141,1.18,0.09,0.51,120,9,52
496,SANTIAGO DEL ESTERO_PELLEGRINI,"Pellegrini, Santiago Del Estero",FRENTE DE TODOS,1.17,0.17,87.06,0.59,10.74,0.27,155,23,11572,78,1428,36,77.93,17206,13409,0.58,0.1,0.19,78,13,26
497,SANTIAGO DEL ESTERO_QUEBRACHOS,"Quebrachos, Santiago Del Estero",FRENTE DE TODOS,2.93,0.78,76.94,0.47,18.02,0.87,176,47,4621,28,1082,52,76.63,7994,6126,1.26,0.08,0.62,77,5,38
498,SANTIAGO DEL ESTERO_RIO HONDO,"Rio Hondo, Santiago Del Estero",FRENTE DE TODOS,2.58,0.97,83.91,1.03,10.72,0.78,975,368,31689,388,4048,296,79.75,48178,38424,1,0.02,0.7,383,9,268
499,SANTIAGO DEL ESTERO_RIVADAVIA,"Rivadavia, Santiago Del Estero",FRENTE DE TODOS,2.61,0.62,53.75,0.45,42.16,0.41,76,18,1563,13,1226,12,83.44,3527,2943,0.78,0.24,0.17,23,7,5
500,SANTIAGO DEL ESTERO_ROBLES,"Robles, Santiago Del Estero",FRENTE DE TODOS,2.61,0.59,78.65,1.32,16.34,0.5,780,175,23493,394,4882,148,80.91,37434,30288,0.92,0.01,0.44,280,4,132
501,SANTIAGO DEL ESTERO_SALAVINA,"Salavina, Santiago Del Estero",FRENTE DE TODOS,0.94,0.25,88.97,0.63,8.96,0.25,63,17,5968,42,601,17,76.68,8838,6777,0.81,0.01,0.19,55,1,13
502,SANTIAGO DEL ESTERO_SAN MARTIN,"San Martin, Santiago Del Estero",FRENTE DE TODOS,1.14,0.4,92.07,0.57,5.64,0.18,62,22,5024,31,308,10,77.63,7089,5503,0.73,0.04,0.07,40,2,4
503,SANTIAGO DEL ESTERO_SARMIENTO,"Sarmiento, Santiago Del Estero",FRENTE DE TODOS,1.14,0.28,89.26,0.45,8.58,0.28,28,7,2194,11,211,7,76.88,3223,2478,0.56,0,0.24,14,0,6
504,SANTIAGO DEL ESTERO_SILIPICA,"Silipica, Santiago Del Estero",FRENTE DE TODOS,1.34,0.67,90.18,0.49,6.99,0.32,80,40,5365,29,416,19,82.28,7321,6024,1.01,0,0.23,61,0,14
505,SANTIAGO DEL ESTERO_GENERAL TABOADA,"Taboada, Santiago Del Estero",FRENTE DE TODOS,2.14,0.63,77.64,2.36,16.67,0.57,563,165,20467,621,4396,151,80.29,33321,26752,1.13,0.05,0.28,301,14,74
506,TIERRA DEL FUEGO_ANTARTIDA ARGENTINA,"Antartida Argentina, Tierra Del Fuego",JUNTOS POR EL CAMBIO,1.75,0,4.39,0.88,89.47,3.51,2,0,5,1,102,4,69.13,230,159,0.63,27.04,0.63,1,43,1
507,TIERRA DEL FUEGO_RIO GRANDE,"Rio Grande, Tierra Del Fuego",FRENTE DE TODOS,7.53,2.3,61.96,4.11,21.39,2.71,3925,1198,32302,2142,11153,1411,76.92,69997,53841,1.53,0.05,1.59,825,28,857
508,TIERRA DEL FUEGO_TOLHUIN,"Tolhuin, Tierra Del Fuego",FRENTE DE TODOS,6.72,1.64,58.83,6.91,24.73,1.17,213,52,1865,219,784,37,75.77,4370,3311,1.75,0.03,2.48,58,1,82
509,TIERRA DEL FUEGO_USHUAIA,"Ushuaia, Tierra Del Fuego",FRENTE DE TODOS,7.87,3.39,51.03,3.36,31.42,2.93,3414,1471,22142,1457,13634,1270,75.03,59698,44793,1.07,0.1,1.96,479,46,880
510,TUCUMAN_JUAN BAUTISTA ALBERDI,"Alberdi, Tucuman",FRENTE DE TODOS,2.98,0.8,66.31,1.2,28.13,0.58,618,166,13746,249,5831,120,83.26,25208,20989,0.48,0.1,0.66,101,20,138
511,TUCUMAN_BURRUYACU,"Burruyacu, Tucuman",FRENTE DE TODOS,2.62,0.5,75.89,1.17,19.52,0.3,718,137,20758,319,5338,83,81.17,34126,27699,0.57,0.15,0.53,158,42,146
512,TUCUMAN_CAPITAL,"Capital, Tucuman",FRENTE DE TODOS,4.91,1.62,45.81,2.54,44.1,1.02,17605,5830,164415,9106,158268,3676,81.55,449601,366654,0.85,0.1,1.16,3134,379,4241
513,TUCUMAN_CHICLIGASTA,"Chicligasta, Tucuman",FRENTE DE TODOS,3.68,0.73,62.11,1.8,30.61,1.08,2080,413,35128,1017,17314,609,84.54,67873,57381,0.45,0.11,0.87,258,64,498
514,TUCUMAN_CRUZ ALTA,"Cruz Alta, Tucuman",FRENTE DE TODOS,3.67,1.14,67.81,2.12,24.61,0.65,4764,1475,88023,2750,31945,842,84.36,156586,132096,0.75,0.12,0.87,989,163,1145
515,TUCUMAN_FAMAILLA,"Famailla, Tucuman",FRENTE DE TODOS,4.06,1.04,67.02,2.03,25.18,0.68,969,247,15983,483,6004,161,81.03,30059,24356,1.02,0.14,0.92,249,35,225
516,TUCUMAN_GRANEROS,"Graneros, Tucuman",FRENTE DE TODOS,1.97,0.37,80.01,1.42,15.87,0.36,189,36,7686,136,1524,35,82.61,11758,9713,0.49,0.15,0.45,48,15,44
517,TUCUMAN_LA COCHA,"La Cocha, Tucuman",FRENTE DE TODOS,2.49,0.5,71.94,0.84,23.8,0.42,336,68,9716,114,3214,57,84.66,16156,13677,0.51,0.13,0.61,70,18,84
518,TUCUMAN_LEALES,"Leales, Tucuman",FRENTE DE TODOS,3.3,0.77,72.72,1.39,21.34,0.48,1328,309,29227,559,8576,191,84.6,48192,40772,0.58,0.13,0.72,235,53,294
519,TUCUMAN_LULES,"Lules, Tucuman",FRENTE DE TODOS,4.28,1.03,59.96,2.1,31.81,0.81,1867,450,26183,919,13892,354,85.3,52157,44488,0.62,0.11,1.12,275,49,499
520,TUCUMAN_MONTEROS,"Monteros, Tucuman",FRENTE DE TODOS,3.58,0.79,72.6,1.47,20.85,0.7,1650,365,33447,679,9606,322,85.34,54624,46617,0.54,0.14,0.5,254,63,231
521,TUCUMAN_RIO CHICO,"Rio Chico, Tucuman",FRENTE DE TODOS,3.29,0.8,72.36,1.61,21.21,0.74,1340,324,29465,655,8636,300,84.42,48810,41207,0.59,0.12,0.47,242,51,194
522,TUCUMAN_SIMOCA,"Simoca, Tucuman",FRENTE DE TODOS,2.62,0.52,76.6,0.83,19.05,0.4,599,119,17538,189,4361,91,83.49,27719,23142,0.41,0.24,0.41,94,55,96
523,TUCUMAN_TAFI DEL VALLE,"Tafi Del Valle, Tucuman",FRENTE DE TODOS,3.24,1.12,76.96,1.27,16.74,0.67,372,129,8845,146,1924,77,83.39,14007,11680,0.58,0.09,0.92,68,11,108
524,TUCUMAN_TAFI VIEJO,"Tafi Viejo, Tucuman",FRENTE DE TODOS,5.1,1.53,54.93,2.66,34.63,1.14,4780,1433,51468,2496,32446,1067,84.29,113521,95692,0.78,0.11,1.19,750,110,1142
525,TUCUMAN_TRANCAS,"Trancas, Tucuman",FRENTE DE TODOS,4.1,1.06,64.28,1.65,28.27,0.65,491,127,7707,198,3389,78,82.09,14906,12237,0.58,0.23,1.21,71,28,148
526,TUCUMAN_YERBA BUENA,"Yerba Buena, Tucuman",JUNTOS POR EL CAMBIO,3.95,1.27,41.79,1.71,50.23,1.04,2417,777,25550,1047,30712,636,85.94,72243,62087,0.54,0.07,0.92,335,43,570